Workbook

Sheet 이베이
A1: 머레이 이베이 월별 매출정리
A2: 날짜 | B2: 총광고비용 | C2: 전환수 | D2: 광고센터 전환매출 | E2: 광고센터 ROAS | F2: 실매출 판매금액 | G2: 실매출 취소금액 | H2: 실매출 합계 | I2: 실매출 ROAS
A3: 합계 | B3: =sum(B4:B33) -> 3189736 | C3: =sum(C4:C33) -> 435 | D3: =sum(D4:D33) -> 26271600 | E3: =iferror(D3/B3,0) -> 8.2362929 | F3: =sum(F4:F33) -> 38761400 | G3: =sum(G4:G33) -> 3674800 | H3: =sum(H4:H33) -> 35086600 | I3: =iferror(H3/B3,0) -> 10.999845
A4: 45962 | B4: =sum(sumifs('파워클릭 raw'!$G:$G,'파워클릭 raw'!$A:$A,$A4),sumifs('Ai매출업 raw'!$D:$D,'Ai매출업 raw'!$A:$A,$A4)) -> 150953 | C4: =sum(sumifs('파워클릭 raw'!$H:$H,'파워클릭 raw'!$A:$A,$A4),sumifs('Ai매출업 raw'!$I:$I,'Ai매출업 raw'!$A:$A,$A4)) -> 24 | D4: =sum(sumifs('파워클릭 raw'!$I:$I,'파워클릭 raw'!$A:$A,$A4),sumifs('Ai매출업 raw'!$J:$J,'Ai매출업 raw'!$A:$A,$A4)) -> 1295400 | E4: =iferror(D4/B4,0) -> 8.581479 | F4: =sumifs('매출정리 raw'!$J:$J,'매출정리 raw'!$A:$A,$A4) -> 2015300 | G4: =sum(sumifs('매출정리 raw'!$J:$J,'매출정리 raw'!$A:$A,$A4,'매출정리 raw'!$B:$B,"취소완료"),sumifs('매출정리 raw'!$J:$J,'매출정리 raw'!$A:$A,$A4,'매출정리 raw'!$B:$B,"환불완료"),sumifs('매출정리 raw'!$J:$J,'매출정리 raw'!$A:$A,$A4,'매출정리 raw'!$B:$B,"반품완료"),sumifs('매출정리 raw'!$J:$J,'매출정리 raw'!$A:$A,$A4,'매출정리 raw'!$B:$B,"반품요청"),sumifs('매출정리 raw'!$J:$J,'매출정리 raw'!$A:$A,$A4,'매출정리 raw'!$B:$B,"환불요청"),sumifs('매출정리 raw'!$J:$J,'매출정리 raw'!$A:$A,$A4,'매출정리 raw'!$B:$B,"취소요청")) -> 261500 | H4: =F4-G4 -> 1753800 | I4: =iferror(H4/B4,0) -> 11.618186
A5: =A4+1 -> 45963 | B5: =sum(sumifs('파워클릭 raw'!$G:$G,'파워클릭 raw'!$A:$A,$A5),sumifs('Ai매출업 raw'!$D:$D,'Ai매출업 raw'!$A:$A,$A5)) -> 146058 | C5: =sum(sumifs('파워클릭 raw'!$H:$H,'파워클릭 raw'!$A:$A,$A5),sumifs('Ai매출업 raw'!$I:$I,'Ai매출업 raw'!$A:$A,$A5)) -> 29 | D5: =sum(sumifs('파워클릭 raw'!$I:$I,'파워클릭 raw'!$A:$A,$A5),sumifs('Ai매출업 raw'!$J:$J,'Ai매출업 raw'!$A:$A,$A5)) -> 1681200 | E5: =iferror(D5/B5,0) -> 11.510496 | F5: =sumifs('매출정리 raw'!$J:$J,'매출정리 raw'!$A:$A,$A5) -> 2641700 | G5: =sum(sumifs('매출정리 raw'!$J:$J,'매출정리 raw'!$A:$A,$A5,'매출정리 raw'!$B:$B,"취소완료"),sumifs('매출정리 raw'!$J:$J,'매출정리 raw'!$A:$A,$A5,'매출정리 raw'!$B:$B,"환불완료"),sumifs('매출정리 raw'!$J:$J,'매출정리 raw'!$A:$A,$A5,'매출정리 raw'!$B:$B,"반품완료"),sumifs('매출정리 raw'!$J:$J,'매출정리 raw'!$A:$A,$A5,'매출정리 raw'!$B:$B,"반품요청"),sumifs('매출정리 raw'!$J:$J,'매출정리 raw'!$A:$A,$A5,'매출정리 raw'!$B:$B,"환불요청"),sumifs('매출정리 raw'!$J:$J,'매출정리 raw'!$A:$A,$A5,'매출정리 raw'!$B:$B,"취소요청")) -> 525000 | H5: =F5-G5 -> 2116700 | I5: =iferror(H5/B5,0) -> 14.492188
A6: =A5+1 -> 45964 | B6: =sum(sumifs('파워클릭 raw'!$G:$G,'파워클릭 raw'!$A:$A,$A6),sumifs('Ai매출업 raw'!$D:$D,'Ai매출업 raw'!$A:$A,$A6)) -> 133749 | C6: =sum(sumifs('파워클릭 raw'!$H:$H,'파워클릭 raw'!$A:$A,$A6),sumifs('Ai매출업 raw'!$I:$I,'Ai매출업 raw'!$A:$A,$A6)) -> 34 | D6: =sum(sumifs('파워클릭 raw'!$I:$I,'파워클릭 raw'!$A:$A,$A6),sumifs('Ai매출업 raw'!$J:$J,'Ai매출업 raw'!$A:$A,$A6)) -> 2083800 | E6: =iferror(D6/B6,0) -> 15.57993 | F6: =sumifs('매출정리 raw'!$J:$J,'매출정리 raw'!$A:$A,$A6) -> 2878000 | G6: =sum(sumifs('매출정리 raw'!$J:$J,'매출정리 raw'!$A:$A,$A6,'매출정리 raw'!$B:$B,"취소완료"),sumifs('매출정리 raw'!$J:$J,'매출정리 raw'!$A:$A,$A6,'매출정리 raw'!$B:$B,"환불완료"),sumifs('매출정리 raw'!$J:$J,'매출정리 raw'!$A:$A,$A6,'매출정리 raw'!$B:$B,"반품완료"),sumifs('매출정리 raw'!$J:$J,'매출정리 raw'!$A:$A,$A6,'매출정리 raw'!$B:$B,"반품요청"),sumifs('매출정리 raw'!$J:$J,'매출정리 raw'!$A:$A,$A6,'매출정리 raw'!$B:$B,"환불요청"),sumifs('매출정리 raw'!$J:$J,'매출정리 raw'!$A:$A,$A6,'매출정리 raw'!$B:$B,"취소요청")) -> 465400 | H6: =F6-G6 -> 2412600 | I6: =iferror(H6/B6,0) -> 18.038266
A7: =A6+1 -> 45965 | B7: =sum(sumifs('파워클릭 raw'!$G:$G,'파워클릭 raw'!$A:$A,$A7),sumifs('Ai매출업 raw'!$D:$D,'Ai매출업 raw'!$A:$A,$A7)) -> 117689 | C7: =sum(sumifs('파워클릭 raw'!$H:$H,'파워클릭 raw'!$A:$A,$A7),sumifs('Ai매출업 raw'!$I:$I,'Ai매출업 raw'!$A:$A,$A7)) -> 17 | D7: =sum(sumifs('파워클릭 raw'!$I:$I,'파워클릭 raw'!$A:$A,$A7),sumifs('Ai매출업 raw'!$J:$J,'Ai매출업 raw'!$A:$A,$A7)) -> 1018500 | E7: =iferror(D7/B7,0) -> 8.6541648 | F7: =sumifs('매출정리 raw'!$J:$J,'매출정리 raw'!$A:$A,$A7) -> 2281500 | G7: =sum(sumifs('매출정리 raw'!$J:$J,'매출정리 raw'!$A:$A,$A7,'매출정리 raw'!$B:$B,"취소완료"),sumifs('매출정리 raw'!$J:$J,'매출정리 raw'!$A:$A,$A7,'매출정리 raw'!$B:$B,"환불완료"),sumifs('매출정리 raw'!$J:$J,'매출정리 raw'!$A:$A,$A7,'매출정리 raw'!$B:$B,"반품완료"),sumifs('매출정리 raw'!$J:$J,'매출정리 raw'!$A:$A,$A7,'매출정리 raw'!$B:$B,"반품요청"),sumifs('매출정리 raw'!$J:$J,'매출정리 raw'!$A:$A,$A7,'매출정리 raw'!$B:$B,"환불요청"),sumifs('매출정리 raw'!$J:$J,'매출정리 raw'!$A:$A,$A7,'매출정리 raw'!$B:$B,"취소요청")) -> 313000 | H7: =F7-G7 -> 1968500 | I7: =iferror(H7/B7,0) -> 16.726287
A8: =A7+1 -> 45966 | B8: =sum(sumifs('파워클릭 raw'!$G:$G,'파워클릭 raw'!$A:$A,$A8),sumifs('Ai매출업 raw'!$D:$D,'Ai매출업 raw'!$A:$A,$A8)) -> 104544 | C8: =sum(sumifs('파워클릭 raw'!$H:$H,'파워클릭 raw'!$A:$A,$A8),sumifs('Ai매출업 raw'!$I:$I,'Ai매출업 raw'!$A:$A,$A8)) -> 21 | D8: =sum(sumifs('파워클릭 raw'!$I:$I,'파워클릭 raw'!$A:$A,$A8),sumifs('Ai매출업 raw'!$J:$J,'Ai매출업 raw'!$A:$A,$A8)) -> 1222800 | E8: =iferror(D8/B8,0) -> 11.696511 | F8: =sumifs('매출정리 raw'!$J:$J,'매출정리 raw'!$A:$A,$A8) -> 1574800 | G8: =sum(sumifs('매출정리 raw'!$J:$J,'매출정리 raw'!$A:$A,$A8,'매출정리 raw'!$B:$B,"취소완료"),sumifs('매출정리 raw'!$J:$J,'매출정리 raw'!$A:$A,$A8,'매출정리 raw'!$B:$B,"환불완료"),sumifs('매출정리 raw'!$J:$J,'매출정리 raw'!$A:$A,$A8,'매출정리 raw'!$B:$B,"반품완료"),sumifs('매출정리 raw'!$J:$J,'매출정리 raw'!$A:$A,$A8,'매출정리 raw'!$B:$B,"반품요청"),sumifs('매출정리 raw'!$J:$J,'매출정리 raw'!$A:$A,$A8,'매출정리 raw'!$B:$B,"환불요청"),sumifs('매출정리 raw'!$J:$J,'매출정리 raw'!$A:$A,$A8,'매출정리 raw'!$B:$B,"취소요청")) -> 0 | H8: =F8-G8 -> 1574800 | I8: =iferror(H8/B8,0) -> 15.063514
A9: =A8+1 -> 45967 | B9: =sum(sumifs('파워클릭 raw'!$G:$G,'파워클릭 raw'!$A:$A,$A9),sumifs('Ai매출업 raw'!$D:$D,'Ai매출업 raw'!$A:$A,$A9)) -> 126720 | C9: =sum(sumifs('파워클릭 raw'!$H:$H,'파워클릭 raw'!$A:$A,$A9),sumifs('Ai매출업 raw'!$I:$I,'Ai매출업 raw'!$A:$A,$A9)) -> 44 | D9: =sum(sumifs('파워클릭 raw'!$I:$I,'파워클릭 raw'!$A:$A,$A9),sumifs('Ai매출업 raw'!$J:$J,'Ai매출업 raw'!$A:$A,$A9)) -> 2752900 | E9: =iferror(D9/B9,0) -> 21.724274 | F9: =sumifs('매출정리 raw'!$J:$J,'매출정리 raw'!$A:$A,$A9) -> 3453900 | G9: =sum(sumifs('매출정리 raw'!$J:$J,'매출정리 raw'!$A:$A,$A9,'매출정리 raw'!$B:$B,"취소완료"),sumifs('매출정리 raw'!$J:$J,'매출정리 raw'!$A:$A,$A9,'매출정리 raw'!$B:$B,"환불완료"),sumifs('매출정리 raw'!$J:$J,'매출정리 raw'!$A:$A,$A9,'매출정리 raw'!$B:$B,"반품완료"),sumifs('매출정리 raw'!$J:$J,'매출정리 raw'!$A:$A,$A9,'매출정리 raw'!$B:$B,"반품요청"),sumifs('매출정리 raw'!$J:$J,'매출정리 raw'!$A:$A,$A9,'매출정리 raw'!$B:$B,"환불요청"),sumifs('매출정리 raw'!$J:$J,'매출정리 raw'!$A:$A,$A9,'매출정리 raw'!$B:$B,"취소요청")) -> 189000 | H9: =F9-G9 -> 3264900 | I9: =iferror(H9/B9,0) -> 25.764678
A10: =A9+1 -> 45968 | B10: =sum(sumifs('파워클릭 raw'!$G:$G,'파워클릭 raw'!$A:$A,$A10),sumifs('Ai매출업 raw'!$D:$D,'Ai매출업 raw'!$A:$A,$A10)) -> 123750 | C10: =sum(sumifs('파워클릭 raw'!$H:$H,'파워클릭 raw'!$A:$A,$A10),sumifs('Ai매출업 raw'!$I:$I,'Ai매출업 raw'!$A:$A,$A10)) -> 16 | D10: =sum(sumifs('파워클릭 raw'!$I:$I,'파워클릭 raw'!$A:$A,$A10),sumifs('Ai매출업 raw'!$J:$J,'Ai매출업 raw'!$A:$A,$A10)) -> 987200 | E10: =iferror(D10/B10,0) -> 7.9773737 | F10: =sumifs('매출정리 raw'!$J:$J,'매출정리 raw'!$A:$A,$A10) -> 1225300 | G10: =sum(sumifs('매출정리 raw'!$J:$J,'매출정리 raw'!$A:$A,$A10,'매출정리 raw'!$B:$B,"취소완료"),sumifs('매출정리 raw'!$J:$J,'매출정리 raw'!$A:$A,$A10,'매출정리 raw'!$B:$B,"환불완료"),sumifs('매출정리 raw'!$J:$J,'매출정리 raw'!$A:$A,$A10,'매출정리 raw'!$B:$B,"반품완료"),sumifs('매출정리 raw'!$J:$J,'매출정리 raw'!$A:$A,$A10,'매출정리 raw'!$B:$B,"반품요청"),sumifs('매출정리 raw'!$J:$J,'매출정리 raw'!$A:$A,$A10,'매출정리 raw'!$B:$B,"환불요청"),sumifs('매출정리 raw'!$J:$J,'매출정리 raw'!$A:$A,$A10,'매출정리 raw'!$B:$B,"취소요청")) -> 0 | H10: =F10-G10 -> 1225300 | I10: =iferror(H10/B10,0) -> 9.9014141
A11: =A10+1 -> 45969 | B11: =sum(sumifs('파워클릭 raw'!$G:$G,'파워클릭 raw'!$A:$A,$A11),sumifs('Ai매출업 raw'!$D:$D,'Ai매출업 raw'!$A:$A,$A11)) -> 139513 | C11: =sum(sumifs('파워클릭 raw'!$H:$H,'파워클릭 raw'!$A:$A,$A11),sumifs('Ai매출업 raw'!$I:$I,'Ai매출업 raw'!$A:$A,$A11)) -> 29 | D11: =sum(sumifs('파워클릭 raw'!$I:$I,'파워클릭 raw'!$A:$A,$A11),sumifs('Ai매출업 raw'!$J:$J,'Ai매출업 raw'!$A:$A,$A11)) -> 2030600 | E11: =iferror(D11/B11,0) -> 14.554916 | F11: =sumifs('매출정리 raw'!$J:$J,'매출정리 raw'!$A:$A,$A11) -> 1821600 | G11: =sum(sumifs('매출정리 raw'!$J:$J,'매출정리 raw'!$A:$A,$A11,'매출정리 raw'!$B:$B,"취소완료"),sumifs('매출정리 raw'!$J:$J,'매출정리 raw'!$A:$A,$A11,'매출정리 raw'!$B:$B,"환불완료"),sumifs('매출정리 raw'!$J:$J,'매출정리 raw'!$A:$A,$A11,'매출정리 raw'!$B:$B,"반품완료"),sumifs('매출정리 raw'!$J:$J,'매출정리 raw'!$A:$A,$A11,'매출정리 raw'!$B:$B,"반품요청"),sumifs('매출정리 raw'!$J:$J,'매출정리 raw'!$A:$A,$A11,'매출정리 raw'!$B:$B,"환불요청"),sumifs('매출정리 raw'!$J:$J,'매출정리 raw'!$A:$A,$A11,'매출정리 raw'!$B:$B,"취소요청")) -> 24900 | H11: =F11-G11 -> 1796700 | I11: =iferror(H11/B11,0) -> 12.87837
A12: =A11+1 -> 45970 | B12: =sum(sumifs('파워클릭 raw'!$G:$G,'파워클릭 raw'!$A:$A,$A12),sumifs('Ai매출업 raw'!$D:$D,'Ai매출업 raw'!$A:$A,$A12)) -> 170841 | C12: =sum(sumifs('파워클릭 raw'!$H:$H,'파워클릭 raw'!$A:$A,$A12),sumifs('Ai매출업 raw'!$I:$I,'Ai매출업 raw'!$A:$A,$A12)) -> 18 | D12: =sum(sumifs('파워클릭 raw'!$I:$I,'파워클릭 raw'!$A:$A,$A12),sumifs('Ai매출업 raw'!$J:$J,'Ai매출업 raw'!$A:$A,$A12)) -> 1196300 | E12: =iferror(D12/B12,0) -> 7.0024175 | F12: =sumifs('매출정리 raw'!$J:$J,'매출정리 raw'!$A:$A,$A12) -> 2009200 | G12: =sum(sumifs('매출정리 raw'!$J:$J,'매출정리 raw'!$A:$A,$A12,'매출정리 raw'!$B:$B,"취소완료"),sumifs('매출정리 raw'!$J:$J,'매출정리 raw'!$A:$A,$A12,'매출정리 raw'!$B:$B,"환불완료"),sumifs('매출정리 raw'!$J:$J,'매출정리 raw'!$A:$A,$A12,'매출정리 raw'!$B:$B,"반품완료"),sumifs('매출정리 raw'!$J:$J,'매출정리 raw'!$A:$A,$A12,'매출정리 raw'!$B:$B,"반품요청"),sumifs('매출정리 raw'!$J:$J,'매출정리 raw'!$A:$A,$A12,'매출정리 raw'!$B:$B,"환불요청"),sumifs('매출정리 raw'!$J:$J,'매출정리 raw'!$A:$A,$A12,'매출정리 raw'!$B:$B,"취소요청")) -> 237000 | H12: =F12-G12 -> 1772200 | I12: =iferror(H12/B12,0) -> 10.373388
A13: =A12+1 -> 45971 | B13: =sum(sumifs('파워클릭 raw'!$G:$G,'파워클릭 raw'!$A:$A,$A13),sumifs('Ai매출업 raw'!$D:$D,'Ai매출업 raw'!$A:$A,$A13)) -> 163361 | C13: =sum(sumifs('파워클릭 raw'!$H:$H,'파워클릭 raw'!$A:$A,$A13),sumifs('Ai매출업 raw'!$I:$I,'Ai매출업 raw'!$A:$A,$A13)) -> 29 | D13: =sum(sumifs('파워클릭 raw'!$I:$I,'파워클릭 raw'!$A:$A,$A13),sumifs('Ai매출업 raw'!$J:$J,'Ai매출업 raw'!$A:$A,$A13)) -> 1906600 | E13: =iferror(D13/B13,0) -> 11.671084 | F13: =sumifs('매출정리 raw'!$J:$J,'매출정리 raw'!$A:$A,$A13) -> 2791500 | G13: =sum(sumifs('매출정리 raw'!$J:$J,'매출정리 raw'!$A:$A,$A13,'매출정리 raw'!$B:$B,"취소완료"),sumifs('매출정리 raw'!$J:$J,'매출정리 raw'!$A:$A,$A13,'매출정리 raw'!$B:$B,"환불완료"),sumifs('매출정리 raw'!$J:$J,'매출정리 raw'!$A:$A,$A13,'매출정리 raw'!$B:$B,"반품완료"),sumifs('매출정리 raw'!$J:$J,'매출정리 raw'!$A:$A,$A13,'매출정리 raw'!$B:$B,"반품요청"),sumifs('매출정리 raw'!$J:$J,'매출정리 raw'!$A:$A,$A13,'매출정리 raw'!$B:$B,"환불요청"),sumifs('매출정리 raw'!$J:$J,'매출정리 raw'!$A:$A,$A13,'매출정리 raw'!$B:$B,"취소요청")) -> 363000 | H13: =F13-G13 -> 2428500 | I13: =iferror(H13/B13,0) -> 14.865849
A14: =A13+1 -> 45972 | B14: =sum(sumifs('파워클릭 raw'!$G:$G,'파워클릭 raw'!$A:$A,$A14),sumifs('Ai매출업 raw'!$D:$D,'Ai매출업 raw'!$A:$A,$A14)) -> 175417 | C14: =sum(sumifs('파워클릭 raw'!$H:$H,'파워클릭 raw'!$A:$A,$A14),sumifs('Ai매출업 raw'!$I:$I,'Ai매출업 raw'!$A:$A,$A14)) -> 16 | D14: =sum(sumifs('파워클릭 raw'!$I:$I,'파워클릭 raw'!$A:$A,$A14),sumifs('Ai매출업 raw'!$J:$J,'Ai매출업 raw'!$A:$A,$A14)) -> 1100900 | E14: =iferror(D14/B14,0) -> 6.2759026 | F14: =sumifs('매출정리 raw'!$J:$J,'매출정리 raw'!$A:$A,$A14) -> 1966300 | G14: =sum(sumifs('매출정리 raw'!$J:$J,'매출정리 raw'!$A:$A,$A14,'매출정리 raw'!$B:$B,"취소완료"),sumifs('매출정리 raw'!$J:$J,'매출정리 raw'!$A:$A,$A14,'매출정리 raw'!$B:$B,"환불완료"),sumifs('매출정리 raw'!$J:$J,'매출정리 raw'!$A:$A,$A14,'매출정리 raw'!$B:$B,"반품완료"),sumifs('매출정리 raw'!$J:$J,'매출정리 raw'!$A:$A,$A14,'매출정리 raw'!$B:$B,"반품요청"),sumifs('매출정리 raw'!$J:$J,'매출정리 raw'!$A:$A,$A14,'매출정리 raw'!$B:$B,"환불요청"),sumifs('매출정리 raw'!$J:$J,'매출정리 raw'!$A:$A,$A14,'매출정리 raw'!$B:$B,"취소요청")) -> 59000 | H14: =F14-G14 -> 1907300 | I14: =iferror(H14/B14,0) -> 10.872948
A15: =A14+1 -> 45973 | B15: =sum(sumifs('파워클릭 raw'!$G:$G,'파워클릭 raw'!$A:$A,$A15),sumifs('Ai매출업 raw'!$D:$D,'Ai매출업 raw'!$A:$A,$A15)) -> 127204 | C15: =sum(sumifs('파워클릭 raw'!$H:$H,'파워클릭 raw'!$A:$A,$A15),sumifs('Ai매출업 raw'!$I:$I,'Ai매출업 raw'!$A:$A,$A15)) -> 10 | D15: =sum(sumifs('파워클릭 raw'!$I:$I,'파워클릭 raw'!$A:$A,$A15),sumifs('Ai매출업 raw'!$J:$J,'Ai매출업 raw'!$A:$A,$A15)) -> 563900 | E15: =iferror(D15/B15,0) -> 4.4330367 | F15: =sumifs('매출정리 raw'!$J:$J,'매출정리 raw'!$A:$A,$A15) -> 911900 | G15: =sum(sumifs('매출정리 raw'!$J:$J,'매출정리 raw'!$A:$A,$A15,'매출정리 raw'!$B:$B,"취소완료"),sumifs('매출정리 raw'!$J:$J,'매출정리 raw'!$A:$A,$A15,'매출정리 raw'!$B:$B,"환불완료"),sumifs('매출정리 raw'!$J:$J,'매출정리 raw'!$A:$A,$A15,'매출정리 raw'!$B:$B,"반품완료"),sumifs('매출정리 raw'!$J:$J,'매출정리 raw'!$A:$A,$A15,'매출정리 raw'!$B:$B,"반품요청"),sumifs('매출정리 raw'!$J:$J,'매출정리 raw'!$A:$A,$A15,'매출정리 raw'!$B:$B,"환불요청"),sumifs('매출정리 raw'!$J:$J,'매출정리 raw'!$A:$A,$A15,'매출정리 raw'!$B:$B,"취소요청")) -> 0 | H15: =F15-G15 -> 911900 | I15: =iferror(H15/B15,0) -> 7.1687997
A16: =A15+1 -> 45974 | B16: =sum(sumifs('파워클릭 raw'!$G:$G,'파워클릭 raw'!$A:$A,$A16),sumifs('Ai매출업 raw'!$D:$D,'Ai매출업 raw'!$A:$A,$A16)) -> 91608 | C16: =sum(sumifs('파워클릭 raw'!$H:$H,'파워클릭 raw'!$A:$A,$A16),sumifs('Ai매출업 raw'!$I:$I,'Ai매출업 raw'!$A:$A,$A16)) -> 3 | D16: =sum(sumifs('파워클릭 raw'!$I:$I,'파워클릭 raw'!$A:$A,$A16),sumifs('Ai매출업 raw'!$J:$J,'Ai매출업 raw'!$A:$A,$A16)) -> 177000 | E16: =iferror(D16/B16,0) -> 1.9321457 | F16: =sumifs('매출정리 raw'!$J:$J,'매출정리 raw'!$A:$A,$A16) -> 1592500 | G16: =sum(sumifs('매출정리 raw'!$J:$J,'매출정리 raw'!$A:$A,$A16,'매출정리 raw'!$B:$B,"취소완료"),sumifs('매출정리 raw'!$J:$J,'매출정리 raw'!$A:$A,$A16,'매출정리 raw'!$B:$B,"환불완료"),sumifs('매출정리 raw'!$J:$J,'매출정리 raw'!$A:$A,$A16,'매출정리 raw'!$B:$B,"반품완료"),sumifs('매출정리 raw'!$J:$J,'매출정리 raw'!$A:$A,$A16,'매출정리 raw'!$B:$B,"반품요청"),sumifs('매출정리 raw'!$J:$J,'매출정리 raw'!$A:$A,$A16,'매출정리 raw'!$B:$B,"환불요청"),sumifs('매출정리 raw'!$J:$J,'매출정리 raw'!$A:$A,$A16,'매출정리 raw'!$B:$B,"취소요청")) -> 0 | H16: =F16-G16 -> 1592500 | I16: =iferror(H16/B16,0) -> 17.383853
... A34: =A33+1 -> 45992 | B34: =sum(sumifs('파워클릭 raw'!$G:$G,'파워클릭 raw'!$A:$A,$A34),sumifs('Ai매출업 raw'!$D:$D,'Ai매출업 raw'!$A:$A,$A34)) -> 0 | C34: =sum(sumifs('파워클릭 raw'!$H:$H,'파워클릭 raw'!$A:$A,$A34),sumifs('Ai매출업 raw'!$I:$I,'Ai매출업 raw'!$A:$A,$A34)) -> 0 | D34: =sum(sumifs('파워클릭 raw'!$I:$I,'파워클릭 raw'!$A:$A,$A34),sumifs('Ai매출업 raw'!$J:$J,'Ai매출업 raw'!$A:$A,$A34)) -> 0 | E34: =iferror(D34/B34,0) -> 0 | F34: =sumifs('매출정리 raw'!$J:$J,'매출정리 raw'!$A:$A,$A34) -> 0 | G34: =sum(sumifs('매출정리 raw'!$J:$J,'매출정리 raw'!$A:$A,$A34,'매출정리 raw'!$B:$B,"취소완료"),sumifs('매출정리 raw'!$J:$J,'매출정리 raw'!$A:$A,$A34,'매출정리 raw'!$B:$B,"환불완료"),sumifs('매출정리 raw'!$J:$J,'매출정리 raw'!$A:$A,$A34,'매출정리 raw'!$B:$B,"반품완료"),sumifs('매출정리 raw'!$J:$J,'매출정리 raw'!$A:$A,$A34,'매출정리 raw'!$B:$B,"반품요청"),sumifs('매출정리 raw'!$J:$J,'매출정리 raw'!$A:$A,$A34,'매출정리 raw'!$B:$B,"환불요청"),sumifs('매출정리 raw'!$J:$J,'매출정리 raw'!$A:$A,$A34,'매출정리 raw'!$B:$B,"취소요청")) -> 0 | H34: =F34-G34 -> 0 | I34: =iferror(H34/B34,0) -> 0

Sheet 11번가
A1: 머레이 11번가 월별 매출정리
A2: 날짜 | B2: 총광고비용 | C2: 전환수 | D2: 광고센터 전환매출 | E2: 광고센터 ROAS | F2: 장바구니 전환매출 | G2: 장바구니 ROAS | H2: 실매출 판매금액 | I2: 실매출 취소금액 | J2: 실매출 합계 | K2: 실매출 ROAS
A3: 합계 | B3: =sum(B4:B33) -> 1533675 | C3: =sum(C4:C33) -> 175 | D3: =sum(D4:D33) -> 8967700 | E3: =iferror(D3/B3,0) -> 5.8471971 | F3: =sum(F4:F33) -> 14516600 | G3: =iferror(F3/B3,0) -> 9.4652387 | H3: =sum(H4:H33) -> 13086900 | I3: =sum(I4:I33) -> 119900 | J3: =sum(J4:J33) -> 12967000 | K3: =iferror(J3/B3,0) -> 8.4548552
A4: 45962 | B4: =sumifs('11_광고비정리'!$G:$G,'11_광고비정리'!$A:$A,A4) -> 35937 | C4: =sumifS('11_광고비정리'!$H:$H,'11_광고비정리'!$A:$A,A4) -> 5 | D4: =sumifs('11_광고비정리'!$J:$J,'11_광고비정리'!$A:$A,A4) -> 153000 | E4: =iferror(D4/B4,0) -> 4.2574505 | F4: =sumifs('11_광고비정리'!$Y:$Y,'11_광고비정리'!$A:$A,A4) -> 282900 | G4: =iferror(F4/B4,0) -> 7.8721095 | H4: =sumifS('11_매출정리'!$T:$T,'11_매출정리'!$A:$A,A4) -> 242800 | I4: =sum(sumifs('11_매출정리'!$T:$T,'11_매출정리'!$F:$F,"클레임진행중",'11_매출정리'!$A:$A,$A4)) -> 0 | J4: =H4-I4 -> 242800 | K4: =iferror(J4/B4,0) -> 6.7562679
A5: =A4+1 -> 45963 | B5: =sumifs('11_광고비정리'!$G:$G,'11_광고비정리'!$A:$A,A5) -> 48851 | C5: =sumifS('11_광고비정리'!$H:$H,'11_광고비정리'!$A:$A,A5) -> 7 | D5: =sumifs('11_광고비정리'!$J:$J,'11_광고비정리'!$A:$A,A5) -> 437700 | E5: =iferror(D5/B5,0) -> 8.9598985 | F5: =sumifs('11_광고비정리'!$Y:$Y,'11_광고비정리'!$A:$A,A5) -> 177500 | G5: =iferror(F5/B5,0) -> 3.6334978 | H5: =sumifS('11_매출정리'!$T:$T,'11_매출정리'!$A:$A,A5) -> 510600 | I5: =sum(sumifs('11_매출정리'!$T:$T,'11_매출정리'!$F:$F,"클레임진행중",'11_매출정리'!$A:$A,$A5)) -> 0 | J5: =H5-I5 -> 510600 | K5: =iferror(J5/B5,0) -> 10.452191
A6: =A5+1 -> 45964 | B6: =sumifs('11_광고비정리'!$G:$G,'11_광고비정리'!$A:$A,A6) -> 42746 | C6: =sumifS('11_광고비정리'!$H:$H,'11_광고비정리'!$A:$A,A6) -> 10 | D6: =sumifs('11_광고비정리'!$J:$J,'11_광고비정리'!$A:$A,A6) -> 404000 | E6: =iferror(D6/B6,0) -> 9.4511767 | F6: =sumifs('11_광고비정리'!$Y:$Y,'11_광고비정리'!$A:$A,A6) -> 170500 | G6: =iferror(F6/B6,0) -> 3.9886773 | H6: =sumifS('11_매출정리'!$T:$T,'11_매출정리'!$A:$A,A6) -> 469000 | I6: =sum(sumifs('11_매출정리'!$T:$T,'11_매출정리'!$F:$F,"클레임진행중",'11_매출정리'!$A:$A,$A6)) -> 0 | J6: =H6-I6 -> 469000 | K6: =iferror(J6/B6,0) -> 10.971787
A7: =A6+1 -> 45965 | B7: =sumifs('11_광고비정리'!$G:$G,'11_광고비정리'!$A:$A,A7) -> 34408 | C7: =sumifS('11_광고비정리'!$H:$H,'11_광고비정리'!$A:$A,A7) -> 4 | D7: =sumifs('11_광고비정리'!$J:$J,'11_광고비정리'!$A:$A,A7) -> 100400 | E7: =iferror(D7/B7,0) -> 2.9179261 | F7: =sumifs('11_광고비정리'!$Y:$Y,'11_광고비정리'!$A:$A,A7) -> 353300 | G7: =iferror(F7/B7,0) -> 10.267961 | H7: =sumifS('11_매출정리'!$T:$T,'11_매출정리'!$A:$A,A7) -> 1936400 | I7: =sum(sumifs('11_매출정리'!$T:$T,'11_매출정리'!$F:$F,"클레임진행중",'11_매출정리'!$A:$A,$A7)) -> 0 | J7: =H7-I7 -> 1936400 | K7: =iferror(J7/B7,0) -> 56.27761
A8: =A7+1 -> 45966 | B8: =sumifs('11_광고비정리'!$G:$G,'11_광고비정리'!$A:$A,A8) -> 40260 | C8: =sumifS('11_광고비정리'!$H:$H,'11_광고비정리'!$A:$A,A8) -> 6 | D8: =sumifs('11_광고비정리'!$J:$J,'11_광고비정리'!$A:$A,A8) -> 264900 | E8: =iferror(D8/B8,0) -> 6.5797317 | F8: =sumifs('11_광고비정리'!$Y:$Y,'11_광고비정리'!$A:$A,A8) -> 33000 | G8: =iferror(F8/B8,0) -> 0.81967213 | H8: =sumifS('11_매출정리'!$T:$T,'11_매출정리'!$A:$A,A8) -> 225900 | I8: =sum(sumifs('11_매출정리'!$T:$T,'11_매출정리'!$F:$F,"클레임진행중",'11_매출정리'!$A:$A,$A8)) -> 29000 | J8: =H8-I8 -> 196900 | K8: =iferror(J8/B8,0) -> 4.8907104
A9: =A8+1 -> 45967 | B9: =sumifs('11_광고비정리'!$G:$G,'11_광고비정리'!$A:$A,A9) -> 42031 | C9: =sumifS('11_광고비정리'!$H:$H,'11_광고비정리'!$A:$A,A9) -> 4 | D9: =sumifs('11_광고비정리'!$J:$J,'11_광고비정리'!$A:$A,A9) -> 127400 | E9: =iferror(D9/B9,0) -> 3.0310961 | F9: =sumifs('11_광고비정리'!$Y:$Y,'11_광고비정리'!$A:$A,A9) -> 276800 | G9: =iferror(F9/B9,0) -> 6.5856154 | H9: =sumifS('11_매출정리'!$T:$T,'11_매출정리'!$A:$A,A9) -> 292400 | I9: =sum(sumifs('11_매출정리'!$T:$T,'11_매출정리'!$F:$F,"클레임진행중",'11_매출정리'!$A:$A,$A9)) -> 0 | J9: =H9-I9 -> 292400 | K9: =iferror(J9/B9,0) -> 6.95677
A10: =A9+1 -> 45968 | B10: =sumifs('11_광고비정리'!$G:$G,'11_광고비정리'!$A:$A,A10) -> 41349 | C10: =sumifS('11_광고비정리'!$H:$H,'11_광고비정리'!$A:$A,A10) -> 2 | D10: =sumifs('11_광고비정리'!$J:$J,'11_광고비정리'!$A:$A,A10) -> 133000 | E10: =iferror(D10/B10,0) -> 3.2165228 | F10: =sumifs('11_광고비정리'!$Y:$Y,'11_광고비정리'!$A:$A,A10) -> 412600 | G10: =iferror(F10/B10,0) -> 9.9784759 | H10: =sumifS('11_매출정리'!$T:$T,'11_매출정리'!$A:$A,A10) -> 74000 | I10: =sum(sumifs('11_매출정리'!$T:$T,'11_매출정리'!$F:$F,"클레임진행중",'11_매출정리'!$A:$A,$A10)) -> 0 | J10: =H10-I10 -> 74000 | K10: =iferror(J10/B10,0) -> 1.7896442
A11: =A10+1 -> 45969 | B11: =sumifs('11_광고비정리'!$G:$G,'11_광고비정리'!$A:$A,A11) -> 46695 | C11: =sumifS('11_광고비정리'!$H:$H,'11_광고비정리'!$A:$A,A11) -> 4 | D11: =sumifs('11_광고비정리'!$J:$J,'11_광고비정리'!$A:$A,A11) -> 224900 | E11: =iferror(D11/B11,0) -> 4.8163615 | F11: =sumifs('11_광고비정리'!$Y:$Y,'11_광고비정리'!$A:$A,A11) -> 220800 | G11: =iferror(F11/B11,0) -> 4.7285577 | H11: =sumifS('11_매출정리'!$T:$T,'11_매출정리'!$A:$A,A11) -> 283900 | I11: =sum(sumifs('11_매출정리'!$T:$T,'11_매출정리'!$F:$F,"클레임진행중",'11_매출정리'!$A:$A,$A11)) -> 0 | J11: =H11-I11 -> 283900 | K11: =iferror(J11/B11,0) -> 6.0798801
A12: =A11+1 -> 45970 | B12: =sumifs('11_광고비정리'!$G:$G,'11_광고비정리'!$A:$A,A12) -> 43835 | C12: =sumifS('11_광고비정리'!$H:$H,'11_광고비정리'!$A:$A,A12) -> 2 | D12: =sumifs('11_광고비정리'!$J:$J,'11_광고비정리'!$A:$A,A12) -> 30000 | E12: =iferror(D12/B12,0) -> 0.68438462 | F12: =sumifs('11_광고비정리'!$Y:$Y,'11_광고비정리'!$A:$A,A12) -> 672500 | G12: =iferror(F12/B12,0) -> 15.341622 | H12: =sumifS('11_매출정리'!$T:$T,'11_매출정리'!$A:$A,A12) -> 45000 | I12: =sum(sumifs('11_매출정리'!$T:$T,'11_매출정리'!$F:$F,"클레임진행중",'11_매출정리'!$A:$A,$A12)) -> 0 | J12: =H12-I12 -> 45000 | K12: =iferror(J12/B12,0) -> 1.0265769
A13: =A12+1 -> 45971 | B13: =sumifs('11_광고비정리'!$G:$G,'11_광고비정리'!$A:$A,A13) -> 40964 | C13: =sumifS('11_광고비정리'!$H:$H,'11_광고비정리'!$A:$A,A13) -> 6 | D13: =sumifs('11_광고비정리'!$J:$J,'11_광고비정리'!$A:$A,A13) -> 250100 | E13: =iferror(D13/B13,0) -> 6.1053608 | F13: =sumifs('11_광고비정리'!$Y:$Y,'11_광고비정리'!$A:$A,A13) -> 458600 | G13: =iferror(F13/B13,0) -> 11.195196 | H13: =sumifS('11_매출정리'!$T:$T,'11_매출정리'!$A:$A,A13) -> 561200 | I13: =sum(sumifs('11_매출정리'!$T:$T,'11_매출정리'!$F:$F,"클레임진행중",'11_매출정리'!$A:$A,$A13)) -> 0 | J13: =H13-I13 -> 561200 | K13: =iferror(J13/B13,0) -> 13.699834
A14: =A13+1 -> 45972 | B14: =sumifs('11_광고비정리'!$G:$G,'11_광고비정리'!$A:$A,A14) -> 69949 | C14: =sumifS('11_광고비정리'!$H:$H,'11_광고비정리'!$A:$A,A14) -> 11 | D14: =sumifs('11_광고비정리'!$J:$J,'11_광고비정리'!$A:$A,A14) -> 515300 | E14: =iferror(D14/B14,0) -> 7.3667958 | F14: =sumifs('11_광고비정리'!$Y:$Y,'11_광고비정리'!$A:$A,A14) -> 478400 | G14: =iferror(F14/B14,0) -> 6.8392686 | H14: =sumifS('11_매출정리'!$T:$T,'11_매출정리'!$A:$A,A14) -> 669800 | I14: =sum(sumifs('11_매출정리'!$T:$T,'11_매출정리'!$F:$F,"클레임진행중",'11_매출정리'!$A:$A,$A14)) -> 0 | J14: =H14-I14 -> 669800 | K14: =iferror(J14/B14,0) -> 9.5755479
A15: =A14+1 -> 45973 | B15: =sumifs('11_광고비정리'!$G:$G,'11_광고비정리'!$A:$A,A15) -> 23078 | C15: =sumifS('11_광고비정리'!$H:$H,'11_광고비정리'!$A:$A,A15) -> 2 | D15: =sumifs('11_광고비정리'!$J:$J,'11_광고비정리'!$A:$A,A15) -> 45000 | E15: =iferror(D15/B15,0) -> 1.949909 | F15: =sumifs('11_광고비정리'!$Y:$Y,'11_광고비정리'!$A:$A,A15) -> 220900 | G15: =iferror(F15/B15,0) -> 9.5718866 | H15: =sumifS('11_매출정리'!$T:$T,'11_매출정리'!$A:$A,A15) -> 125800 | I15: =sum(sumifs('11_매출정리'!$T:$T,'11_매출정리'!$F:$F,"클레임진행중",'11_매출정리'!$A:$A,$A15)) -> 0 | J15: =H15-I15 -> 125800 | K15: =iferror(J15/B15,0) -> 5.451079
A16: =A15+1 -> 45974 | B16: =sumifs('11_광고비정리'!$G:$G,'11_광고비정리'!$A:$A,A16) -> 32395 | C16: =sumifS('11_광고비정리'!$H:$H,'11_광고비정리'!$A:$A,A16) -> 4 | D16: =sumifs('11_광고비정리'!$J:$J,'11_광고비정리'!$A:$A,A16) -> 159600 | E16: =iferror(D16/B16,0) -> 4.9266862 | F16: =sumifs('11_광고비정리'!$Y:$Y,'11_광고비정리'!$A:$A,A16) -> 368800 | G16: =iferror(F16/B16,0) -> 11.384473 | H16: =sumifS('11_매출정리'!$T:$T,'11_매출정리'!$A:$A,A16) -> 79800 | I16: =sum(sumifs('11_매출정리'!$T:$T,'11_매출정리'!$F:$F,"클레임진행중",'11_매출정리'!$A:$A,$A16)) -> 0 | J16: =H16-I16 -> 79800 | K16: =iferror(J16/B16,0) -> 2.4633431
... A34: =A33+1 -> 45992 | B34: =sumifs('11_광고비정리'!$G:$G,'11_광고비정리'!$A:$A,A34) -> 0 | C34: =sumifS('11_광고비정리'!$H:$H,'11_광고비정리'!$A:$A,A34) -> 0 | D34: =sumifs('11_광고비정리'!$J:$J,'11_광고비정리'!$A:$A,A34) -> 0 | E34: =iferror(D34/B34,0) -> 0 | F34: =sumifs('11_광고비정리'!$Y:$Y,'11_광고비정리'!$A:$A,A34) -> 0 | G34: =iferror(F34/B34,0) -> 0 | H34: =sumifS('11_매출정리'!$T:$T,'11_매출정리'!$A:$A,A34) -> 0 | I34: =sum(sumifs('11_매출정리'!$T:$T,'11_매출정리'!$F:$F,"클레임진행중",'11_매출정리'!$A:$A,$A34)) -> 0 | J34: =H34-I34 -> 0 | K34: =iferror(J34/B34,0) -> 0

Sheet 매출정리 raw
A1: 날짜 | B1: 진행상태 | C1: 판매아이디 | D1: 구매자아이디 | E1: 주문번호 | F1: 상품번호 | G1: 상품명 | H1: 구매자명 | I1: 수령인명 | J1: 구매금액 | K1: 수량 | L1: 결제일 | M1: 배송완료일자 | N1: 송금완료일자 | O1: SSG 상품번호 | P1: SSG 원주문번호
A2: =iferror(date(year(L2),month(L2),day(L2)),"날짜") -> 45991 | B2: 배송중 | C2: 지마켓(murraymall) | D2: user887130 | E2: 4374490737 | F2: 2106845960 | G2: 머레이 마사지건 M-GUN 4종 최대 출력 3200rpm 실버 | H2: 오해든 | I2: 오해든 | J2: 34900 | K2: 1 | L2: 45991.99
A3: =iferror(date(year(L3),month(L3),day(L3)),"날짜") -> 45991 | B3: 배송중 | C3: 지마켓(murraymall) | D3: user805705 | E3: 4374464459 | F3: 4180306338 | G3: 한일의료기 정품 그래핀 5세대 탄소매트 전기매트 온열매트 (더블 135x180cm) 정품 공급처 | H3: name-1341174285 | I3: name-1341174285 | J3: 65000 | K3: 1 | L3: 45991.952
A4: =iferror(date(year(L4),month(L4),day(L4)),"날짜") -> 45991 | B4: 배송중 | C4: 지마켓(murraymall) | D4: user520802 | E4: 4374459371 | F4: 4188494215 | G4: 1+1 컬러2in1 도킹형 일체형 휴대폰 보조배터리 (C타입/8핀) 산뜻한 디자인 든든한 1+1 가성비 | H4: name-1611071225 | I4: name-1611071225 | J4: 24900 | K4: 1 | L4: 45991.945
A5: =iferror(date(year(L5),month(L5),day(L5)),"날짜") -> 45991 | B5: 배송중 | C5: 옥션(murraymall) | D5: user402372 | E5: 2541561826 | F5: E761279609 | G5: 한일의료기 정품 그래핀 5세대 탄소매트 전기매트 온열매트 (싱글 100x180cm) 정품 공급처 | H5: name-2777842988 | I5: name-2777842988 | J5: 59000 | K5: 1 | L5: 45991.937
A6: =iferror(date(year(L6),month(L6),day(L6)),"날짜") -> 45991 | B6: 배송중 | C6: 지마켓(murraymall) | D6: user726389 | E6: 4374453826 | F6: 4180306338 | G6: 한일의료기 정품 그래핀 5세대 탄소매트 전기매트 온열매트 (더블 135x180cm) 정품 공급처 | H6: name-328962377 | I6: name-328962377 | J6: 65000 | K6: 1 | L6: 45991.936
A7: =iferror(date(year(L7),month(L7),day(L7)),"날짜") -> 45991 | B7: 취소완료 | C7: 지마켓(murraymall) | D7: user868789 | E7: 4374423308 | F7: 4180303895 | G7: 한일의료기 정품 그래핀 5세대 탄소매트 전기매트 온열매트 (싱글 100x180cm) 정품 공급처 | H7: 조바다 | I7: 조바다 | J7: 59000 | K7: 1 | L7: 45991.888
A8: =iferror(date(year(L8),month(L8),day(L8)),"날짜") -> 45991 | B8: 환불완료 | C8: 옥션(murraymall) | D8: user753265 | E8: 2541548433 | F8: E761279609 | G8: 한일의료기 정품 그래핀 5세대 탄소매트 전기매트 온열매트 (싱글 100x180cm) 정품 공급처 | H8: name-3858108940 | I8: name-2407036560 | J8: 59000 | K8: 1 | L8: 45991.876
A9: =iferror(date(year(L9),month(L9),day(L9)),"날짜") -> 45991 | B9: 배송중 | C9: 지마켓(murraymall) | D9: user283650 | E9: 4374383906 | F9: 1784307306 | G9: 머레이 디지털 펜 보이스레코더/학습강의 PV-3000 16GB 최대 180시간녹음 선명한 음질 볼펜녹음기 | H9: name-3124920350 | I9: name-3124920350 | J9: 47900 | K9: 1 | L9: 45991.818
A10: =iferror(date(year(L10),month(L10),day(L10)),"날짜") -> 45991 | B10: 배송중 | C10: 지마켓(murraymall) | D10: user142805 | E10: 4374336116 | F10: 4113880902 | G10: 초강력 간편 휴대용/차량용 코털제거기 코털정리기 (블랙) | H10: 이라온 | I10: 이라온 | J10: 14500 | K10: 1 | L10: 45991.696
A11: =iferror(date(year(L11),month(L11),day(L11)),"날짜") -> 45991 | B11: 배송중 | C11: 지마켓(murraymall) | D11: user699367 | E11: 4374325405 | F11: 2822272510 | G11: 유무선 충전가능한 레이펜슬3세대 애플펜슬 2세대 호환 짭플펜슬 최고의 가성비 | H11: 윤한별 | I11: 윤한별 | J11: 31500 | K11: 1 | L11: 45991.666
A12: =iferror(date(year(L12),month(L12),day(L12)),"날짜") -> 45990 | B12: 배송중 | C12: 지마켓(murraymall) | D12: user474832 | E12: 4374170515 | F12: 3252522586 | G12: 세척편한 인테리어 물멍가습기 미니 초음파 가습기 HUMI-10 최대 10시간 연속사용 | H12: name-2266361694 | I12: name-2266361694 | J12: 43900 | K12: 1 | L12: 45990.952
A13: =iferror(date(year(L13),month(L13),day(L13)),"날짜") -> 45990 | B13: 취소완료 | C13: 지마켓(murraymall) | D13: user360070 | E13: 4374150309 | F13: 4544686745 | G13: 한일의료기 탄소 매트 극세사 더블 HIM-3000D 라이트그레이 정품 공급처 | H13: 라온무역 | I13: 나래유통 | J13: 119000 | K13: 1 | L13: 45990.897
A14: =iferror(date(year(L14),month(L14),day(L14)),"날짜") -> 45990 | B14: 배송중 | C14: 지마켓(murraymall) | D14: user695697 | E14: 4374121722 | F14: 4180306338 | G14: 한일의료기 정품 그래핀 5세대 탄소매트 전기매트 온열매트 (더블 135x180cm) 정품 공급처 | H14: 임온새 | I14: 임온새 | J14: 65000 | K14: 1 | L14: 45990.815
A15: =iferror(date(year(L15),month(L15),day(L15)),"날짜") -> 45990 | B15: 배송중 | C15: 옥션(murraymall) | D15: user991013 | E15: 2541439808 | F15: E761279609 | G15: 한일의료기 정품 그래핀 5세대 탄소매트 전기매트 온열매트 (싱글 100x180cm) 정품 공급처 | H15: name-3362315446 | I15: 서푸른 | J15: 59000 | K15: 1 | L15: 45990.801
A16: =iferror(date(year(L16),month(L16),day(L16)),"날짜") -> 45990 | B16: 배송중 | C16: 옥션(murraymall) | D16: user603439 | E16: 2541433041 | F16: E761279609 | G16: 한일의료기 정품 그래핀 5세대 탄소매트 전기매트 온열매트 (싱글 100x180cm) 정품 공급처 | H16: name-3722060051 | I16: name-1331521670 | J16: 59000 | K16: 1 | L16: 45990.732
A17: =iferror(date(year(L17),month(L17),day(L17)),"날짜") -> 45990 | B17: 배송중 | C17: 옥션(murraymall) | D17: user567850 | E17: 2541415252 | F17: E761279609 | G17: 한일의료기 정품 그래핀 5세대 탄소매트 전기매트 온열매트 (싱글 100x180cm) 정품 공급처 | H17: name-3007858657 | I17: name-3007858657 | J17: 59000 | K17: 1 | L17: 45990.555
A18: =iferror(date(year(L18),month(L18),day(L18)),"날짜") -> 45990 | B18: 배송중 | C18: 지마켓(murraymall) | D18: user578147 | E18: 4374027264 | F18: 2702301401 | G18: 3in1 무선충전기 갤럭시워치 애플워치 갤럭시버즈 에어팟 무선충전 가능 데스크테리어의 완성 | H18: name-3463409686 | I18: name-3463409686 | J18: 29900 | K18: 1 | L18: 45990.484
A19: =iferror(date(year(L19),month(L19),day(L19)),"날짜") -> 45990 | B19: 배송중 | C19: 지마켓(murraymall) | D19: user441810 | E19: 4373999598 | F19: 4113888539 | G19: 초강력 간편 휴대용/차량용 코털제거기 코털정리기 (오렌지) | H19: name-3237383314 | I19: name-3237383314 | J19: 14500 | K19: 1 | L19: 45990.401
A20: =iferror(date(year(L20),month(L20),day(L20)),"날짜") -> 45990 | B20: 배송중 | C20: 지마켓(murraymall) | D20: user352682 | E20: 4373973186 | F20: 4180306338 | G20: 한일의료기 정품 그래핀 5세대 탄소매트 전기매트 온열매트 (더블 135x180cm) 정품 공급처 | H20: name-1781817282 | I20: name-1781817282 | J20: 65000 | K20: 1 | L20: 45990.235
A21: =iferror(date(year(L21),month(L21),day(L21)),"날짜") -> 45990 | B21: 배송중 | C21: 지마켓(murraymall) | D21: user267582 | E21: 4373972243 | F21: 4180303895 | G21: 한일의료기 정품 그래핀 5세대 탄소매트 전기매트 온열매트 (싱글 100x180cm) 정품 공급처 | H21: name-1363229111 | I21: name-1363229111 | J21: 59000 | K21: 1 | L21: 45990.218
A22: =iferror(date(year(L22),month(L22),day(L22)),"날짜") -> 45989 | B22: 배송중 | C22: 지마켓(murraymall) | D22: user543819 | E22: 4373857020 | F22: 4180303895 | G22: 한일의료기 정품 그래핀 5세대 탄소매트 전기매트 온열매트 (싱글 100x180cm) 정품 공급처 | H22: 김아름 | I22: 김아름 | J22: 59000 | K22: 1 | L22: 45989.709
A23: =iferror(date(year(L23),month(L23),day(L23)),"날짜") -> 45989 | B23: 배송중 | C23: 옥션(murraymall) | D23: user855187 | E23: 2541346790 | F23: E761279609 | G23: 한일의료기 정품 그래핀 5세대 탄소매트 전기매트 온열매트 (싱글 100x180cm) 정품 공급처 | H23: name-3612244018 | I23: name-3612244018 | J23: 59000 | K23: 1 | L23: 45989.694
A24: =iferror(date(year(L24),month(L24),day(L24)),"날짜") -> 45989 | B24: 배송중 | C24: 옥션(murraymall) | D24: user842227 | E24: 2541341989 | F24: D907274905 | G24: 머레이 폴더블 스탠딩 3in1 무선충전기 Z10 갤럭시워치 애플워치 갤럭시S25 충전기 단언컨데 가장 실용적 | H24: name-4105668465 | I24: name-4105668465 | J24: 19900 | K24: 1 | L24: 45989.654
A25: =iferror(date(year(L25),month(L25),day(L25)),"날짜") -> 45989 | B25: 배송중 | C25: 지마켓(murraymall) | D25: user656241 | E25: 4373800449 | F25: 4180303895 | G25: 한일의료기 정품 그래핀 5세대 탄소매트 전기매트 온열매트 (싱글 100x180cm) 정품 공급처 | H25: name-221359303 | I25: name-221359303 | J25: 59000 | K25: 1 | L25: 45989.59
A26: =iferror(date(year(L26),month(L26),day(L26)),"날짜") -> 45989 | B26: 배송완료 | C26: 지마켓(murraymall) | D26: user916779 | E26: 4373748292 | F26: 4180306338 | G26: 한일의료기 정품 그래핀 5세대 탄소매트 전기매트 온열매트 (더블 135x180cm) 정품 공급처 | H26: name-1412690750 | I26: name-1412690750 | J26: 65000 | K26: 1 | L26: 45989.488 | M26: 45990.549
A27: =iferror(date(year(L27),month(L27),day(L27)),"날짜") -> 45989 | B27: 구매결정완료 | C27: 지마켓(murraymall) | D27: user580880 | E27: 4373734440 | F27: 2702301401 | G27: 3in1 무선충전기 갤럭시워치 애플워치 갤럭시버즈 에어팟 무선충전 가능 데스크테리어의 완성 | H27: name-1993244661 | I27: name-3657272740 | J27: 29900 | K27: 1 | L27: 45989.466 | M27: 45990.6
A28: =iferror(date(year(L28),month(L28),day(L28)),"날짜") -> 45989 | B28: 배송완료 | C28: 지마켓(murraymall) | D28: user385511 | E28: 4373721824 | F28: 4180303895 | G28: 한일의료기 정품 그래핀 5세대 탄소매트 전기매트 온열매트 (싱글 100x180cm) 정품 공급처 | H28: name-1635677639 | I28: name-1635677639 | J28: 59000 | K28: 1 | L28: 45989.448 | M28: 45990.591
A29: =iferror(date(year(L29),month(L29),day(L29)),"날짜") -> 45989 | B29: 배송완료 | C29: 지마켓(murraymall) | D29: user816384 | E29: 4373706964 | F29: 4180303895 | G29: 한일의료기 정품 그래핀 5세대 탄소매트 전기매트 온열매트 (싱글 100x180cm) 정품 공급처 | H29: 임해든 | I29: 임해든 | J29: 59000 | K29: 1 | L29: 45989.426 | M29: 45990.48
A30: =iferror(date(year(L30),month(L30),day(L30)),"날짜") -> 45988 | B30: 배송완료 | C30: 지마켓(murraymall) | D30: user144686 | E30: 4373609042 | F30: 2793594584 | G30: 정교하고 튼튼한 메탈펜촉 4개입 세트 애플펜슬 1 2세대 호환 교체가능 | H30: 이초록 | I30: 이초록 | J30: 14900 | K30: 1 | L30: 45988.957 | M30: 45990.702
A31: =iferror(date(year(L31),month(L31),day(L31)),"날짜") -> 45988 | B31: 배송완료 | C31: 지마켓(murraymall) | D31: user139348 | E31: 4373588166 | F31: 4180303895 | G31: 한일의료기 정품 그래핀 5세대 탄소매트 전기매트 온열매트 (싱글 100x180cm) 정품 공급처 | H31: name-1958500366 | I31: name-939389352 | J31: 59000 | K31: 1 | L31: 45988.907 | M31: 45990.438
A32: =iferror(date(year(L32),month(L32),day(L32)),"날짜") -> 45988 | B32: 배송완료 | C32: 지마켓(murraymall) | D32: user376345 | E32: 4373545258 | F32: 4188494215 | G32: 1+1 컬러2in1 도킹형 일체형 휴대폰 보조배터리 (C타입/8핀) 산뜻한 디자인 든든한 1+1 가성비 | H32: name-672817314 | I32: name-672817314 | J32: 24900 | K32: 1 | L32: 45988.79 | M32: 45990.487
A33: =iferror(date(year(L33),month(L33),day(L33)),"날짜") -> 45988 | B33: 배송완료 | C33: 지마켓(murraymall) | D33: user376345 | E33: 4373545257 | F33: 4188494215 | G33: 1+1 컬러2in1 도킹형 일체형 휴대폰 보조배터리 (C타입/8핀) 산뜻한 디자인 든든한 1+1 가성비 | H33: name-672817314 | I33: name-672817314 | J33: 24900 | K33: 1 | L33: 45988.79 | M33: 45990.487
A34: =iferror(date(year(L34),month(L34),day(L34)),"날짜") -> 45988 | B34: 배송완료 | C34: 지마켓(murraymall) | D34: user376345 | E34: 4373545259 | F34: 4188494215 | G34: 1+1 컬러2in1 도킹형 일체형 휴대폰 보조배터리 (C타입/8핀) 산뜻한 디자인 든든한 1+1 가성비 | H34: name-672817314 | I34: name-672817314 | J34: 24900 | K34: 1 | L34: 45988.79 | M34: 45990.487
A35: =iferror(date(year(L35),month(L35),day(L35)),"날짜") -> 45988 | B35: 배송완료 | C35: 지마켓(murraymall) | D35: user914470 | E35: 4373462536 | F35: 4180303895 | G35: 한일의료기 정품 그래핀 5세대 탄소매트 전기매트 온열매트 (싱글 100x180cm) 정품 공급처 | H35: name-2276889280 | I35: name-2276889280 | J35: 59000 | K35: 1 | L35: 45988.602 | M35: 45990.577
A36: =iferror(date(year(L36),month(L36),day(L36)),"날짜") -> 45988 | B36: 배송완료 | C36: 지마켓(murraymall) | D36: user349432 | E36: 4373425056 | F36: 4180303895 | G36: 한일의료기 정품 그래핀 5세대 탄소매트 전기매트 온열매트 (싱글 100x180cm) 정품 공급처 | H36: name-1554764709 | I36: name-1554764709 | J36: 59000 | K36: 1 | L36: 45988.541 | M36: 45989.702
A37: =iferror(date(year(L37),month(L37),day(L37)),"날짜") -> 45988 | B37: 배송완료 | C37: 옥션(murraymall) | D37: user415789 | E37: 2541213123 | F37: E761279609 | G37: 한일의료기 정품 그래핀 5세대 탄소매트 전기매트 온열매트 (싱글 100x180cm) 정품 공급처 | H37: name-3359976734 | I37: name-3673421376 | J37: 59000 | K37: 1 | L37: 45988.508 | M37: 45989.585
A38: =iferror(date(year(L38),month(L38),day(L38)),"날짜") -> 45988 | B38: 배송완료 | C38: 지마켓(murraymall) | D38: user281150 | E38: 4373325780 | F38: 1784307306 | G38: 머레이 디지털 펜 보이스레코더/학습강의 PV-3000 16GB 최대 180시간녹음 선명한 음질 볼펜녹음기 | H38: name-3335149529 | I38: 윤지음 | J38: 47900 | K38: 1 | L38: 45988.385 | M38: 45989.494
A39: =iferror(date(year(L39),month(L39),day(L39)),"날짜") -> 45988 | B39: 배송완료 | C39: 옥션(murraymall) | D39: user551355 | E39: 2541177120 | F39: C942431166 | G39: 레인보우LED 블루투스마이크 노래방마이크 블루투스스피커 블랙 유치원/학교 대량구매 인기상품 | H39: name-676073073 | I39: name-3069448111 | J39: 144000 | K39: 2 | L39: 45988.145 | M39: 45989.534
A40: =iferror(date(year(L40),month(L40),day(L40)),"날짜") -> 45988 | B40: 환불완료 | C40: 옥션(murraymall) | D40: user551355 | E40: 2541175572 | F40: C942431166 | G40: 레인보우LED 블루투스마이크 노래방마이크 블루투스스피커 블랙 유치원/학교 대량구매 인기상품 | H40: name-676073073 | I40: name-676073073 | J40: 144000 | K40: 2 | L40: 45988.09
A41: =iferror(date(year(L41),month(L41),day(L41)),"날짜") -> 45987 | B41: 배송완료 | C41: 지마켓(murraymall) | D41: user674819 | E41: 4373212654 | F41: 4546798282 | G41: 전자파 없는 한일의료기 전기매트 극세사 슈퍼싱글 연그레이 HI-2025S 정품 공급처 | H41: 장하늘 | I41: 장하늘 | J41: 109000 | K41: 1 | L41: 45987.875 | M41: 45989.556
A42: =iferror(date(year(L42),month(L42),day(L42)),"날짜") -> 45987 | B42: 배송완료 | C42: 지마켓(murraymall) | D42: user42286 | E42: 4373207270 | F42: 1803991571 | G42: 머레이 LED 촛불 리얼 캔들 무드등 5개 세트 크리스마스 분위기 내기 | H42: 정마루 | I42: 정마루 | J42: 21900 | K42: 1 | L42: 45987.862 | M42: 45989.799
A43: =iferror(date(year(L43),month(L43),day(L43)),"날짜") -> 45987 | B43: 배송완료 | C43: 지마켓(murraymall) | D43: user545177 | E43: 4373198205 | F43: 4180303895 | G43: 한일의료기 정품 그래핀 5세대 탄소매트 전기매트 온열매트 (싱글 100x180cm) 정품 공급처 | H43: 조라온 | I43: 조라온 | J43: 59000 | K43: 1 | L43: 45987.839 | M43: 45989.674
A44: =iferror(date(year(L44),month(L44),day(L44)),"날짜") -> 45987 | B44: 취소완료 | C44: 지마켓(murraymall) | D44: user282378 | E44: 4373178358 | F44: 4180303895 | G44: 한일의료기 정품 그래핀 5세대 탄소매트 전기매트 온열매트 (싱글 100x180cm) 정품 공급처 | H44: 박해든 | I44: 박해든 | J44: 59000 | K44: 1 | L44: 45987.784
A45: =iferror(date(year(L45),month(L45),day(L45)),"날짜") -> 45987 | B45: 배송완료 | C45: 지마켓(murraymall) | D45: user21033 | E45: 4373141000 | F45: 2774671191 | G45: 레인보우LED 블루투스마이크 노래방마이크 블루투스스피커 블랙 유치원/학교 대량구매 인기상품 | H45: name-3308690747 | I45: name-1366023297 | J45: 72000 | K45: 1 | L45: 45987.683 | M45: 45989.542
A46: =iferror(date(year(L46),month(L46),day(L46)),"날짜") -> 45987 | B46: 배송완료 | C46: 지마켓(murraymall) | D46: user993978 | E46: 4373112684 | F46: 2106845960 | G46: 머레이 마사지건 M-GUN 4종 최대 출력 3200rpm 실버 | H46: name-1717990686 | I46: name-1923023295 | J46: 104700 | K46: 3 | L46: 45987.63 | M46: 45989.459
A47: =iferror(date(year(L47),month(L47),day(L47)),"날짜") -> 45987 | B47: 배송완료 | C47: 지마켓(murraymall) | D47: user775719 | E47: 4372976054 | F47: 2774671191 | G47: 레인보우LED 블루투스마이크 노래방마이크 블루투스스피커 블랙 유치원/학교 대량구매 인기상품 | H47: name-3211458495 | I47: name-1584040434 | J47: 72000 | K47: 1 | L47: 45987.407 | M47: 45988.528
A48: =iferror(date(year(L48),month(L48),day(L48)),"날짜") -> 45987 | B48: 배송완료 | C48: 지마켓(murraymall) | D48: user284280 | E48: 4372973542 | F48: 2774671191 | G48: 레인보우LED 블루투스마이크 노래방마이크 블루투스스피커 블랙 유치원/학교 대량구매 인기상품 | H48: name-788159839 | I48: name-1478274463 | J48: 72000 | K48: 1 | L48: 45987.404 | M48: 45988.639
A49: =iferror(date(year(L49),month(L49),day(L49)),"날짜") -> 45987 | B49: 배송완료 | C49: 지마켓(murraymall) | D49: user744253 | E49: 4372932433 | F49: 1803991571 | G49: 머레이 LED 촛불 리얼 캔들 무드등 5개 세트 크리스마스 분위기 내기 | H49: name-2458988245 | I49: name-2458988245 | J49: 21900 | K49: 1 | L49: 45987.309 | M49: 45988.612
A50: =iferror(date(year(L50),month(L50),day(L50)),"날짜") -> 45987 | B50: 배송완료 | C50: 지마켓(murraymall) | D50: user963065 | E50: 4372930734 | F50: 4180303895 | G50: 한일의료기 정품 그래핀 5세대 탄소매트 전기매트 온열매트 (싱글 100x180cm) 정품 공급처 | H50: 한마루 | I50: 한마루 | J50: 59000 | K50: 1 | L50: 45987.299 | M50: 45988.549
A51: =iferror(date(year(L51),month(L51),day(L51)),"날짜") -> 693961 | B51: 취소완료 | C51: 지마켓(murraymall) | D51: user744253 | E51: 4372929003 | F51: 1803991571 | G51: 머레이 LED 촛불 리얼 캔들 무드등 5개 세트 크리스마스 분위기 내기 | H51: name-2458988245 | I51: name-2458988245 | J51: 21900 | K51: 1
A52: =iferror(date(year(L52),month(L52),day(L52)),"날짜") -> 45987 | B52: 배송완료 | C52: 지마켓(murraymall) | D52: user544013 | E52: 4372909473 | F52: 4180306338 | G52: 한일의료기 정품 그래핀 5세대 탄소매트 전기매트 온열매트 (더블 135x180cm) 정품 공급처 | H52: 최하늘 | I52: 최하늘 | J52: 65000 | K52: 1 | L52: 45987.05 | M52: 45988.612
A53: =iferror(date(year(L53),month(L53),day(L53)),"날짜") -> 45986 | B53: 배송완료 | C53: 지마켓(murraymall) | D53: user645680 | E53: 4372858804 | F53: 4180303895 | G53: 한일의료기 정품 그래핀 5세대 탄소매트 전기매트 온열매트 (싱글 100x180cm) 정품 공급처 | H53: 강라온 | I53: 강라온 | J53: 59000 | K53: 1 | L53: 45986.913 | M53: 45988.633
A54: =iferror(date(year(L54),month(L54),day(L54)),"날짜") -> 45986 | B54: 배송완료 | C54: 지마켓(murraymall) | D54: user658578 | E54: 4372821434 | F54: 4180306338 | G54: 한일의료기 정품 그래핀 5세대 탄소매트 전기매트 온열매트 (더블 135x180cm) 정품 공급처 | H54: 신푸른 | I54: 신푸른 | J54: 65000 | K54: 1 | L54: 45986.826 | M54: 45988.82
A55: =iferror(date(year(L55),month(L55),day(L55)),"날짜") -> 45986 | B55: 배송완료 | C55: 지마켓(murraymall) | D55: user403286 | E55: 4372791070 | F55: 4180303895 | G55: 한일의료기 정품 그래핀 5세대 탄소매트 전기매트 온열매트 (싱글 100x180cm) 정품 공급처 | H55: name-2505758846 | I55: name-2505758846 | J55: 59000 | K55: 1 | L55: 45986.741 | M55: 45988.591
A56: =iferror(date(year(L56),month(L56),day(L56)),"날짜") -> 45986 | B56: 구매결정완료 | C56: 지마켓(murraymall) | D56: user5460 | E56: 4372767946 | F56: 4180303895 | G56: 한일의료기 정품 그래핀 5세대 탄소매트 전기매트 온열매트 (싱글 100x180cm) 정품 공급처 | H56: 최푸른 | I56: 최푸른 | J56: 59000 | K56: 1 | L56: 45986.684 | M56: 45988.605
A57: =iferror(date(year(L57),month(L57),day(L57)),"날짜") -> 45986 | B57: 송금완료 | C57: 옥션(murraymall) | D57: user397507 | E57: 2540988288 | F57: C499272210 | G57: 원쁠원 4IN1 미니스탠드 스마트기기 무선충전기 F5 (+25W 고속충전어댑터) 데스크테리어는 이걸로 끝 | H57: name-1337466071 | I57: name-1337466071 | J57: 40000 | K57: 1 | L57: 45986.648 | M57: 45988.588 | N57: 45991.454
A58: =iferror(date(year(L58),month(L58),day(L58)),"날짜") -> 45986 | B58: 배송완료 | C58: 지마켓(murraymall) | D58: user514650 | E58: 4372738192 | F58: 2702301401 | G58: 3in1 무선충전기 갤럭시워치 애플워치 갤럭시버즈 에어팟 무선충전 가능 데스크테리어의 완성 | H58: name-1218014571 | I58: name-2235295074 | J58: 29900 | K58: 1 | L58: 45986.634 | M58: 45989.633
A59: =iferror(date(year(L59),month(L59),day(L59)),"날짜") -> 45986 | B59: 배송완료 | C59: 지마켓(murraymall) | D59: user846252 | E59: 4372685165 | F59: 4188494215 | G59: 1+1 컬러2in1 도킹형 일체형 휴대폰 보조배터리 (C타입/8핀) 산뜻한 디자인 든든한 1+1 가성비 | H59: name-3311230318 | I59: 정나래 | J59: 24900 | K59: 1 | L59: 45986.552 | M59: 45987.605
A60: =iferror(date(year(L60),month(L60),day(L60)),"날짜") -> 45986 | B60: 배송완료 | C60: 지마켓(murraymall) | D60: user486248 | E60: 4372642172 | F60: 3351572582 | G60: 갈고리형 목 어깨 전신 안마 마사지건 부모님 건강 선물 (고급형) 2024년 신형 | H60: name-2034030979 | I60: name-3688049293 | J60: 79000 | K60: 1 | L60: 45986.475 | M60: 45987.605
A61: =iferror(date(year(L61),month(L61),day(L61)),"날짜") -> 45986 | B61: 배송완료 | C61: 지마켓(murraymall) | D61: user735378 | E61: 4372623816 | F61: 1784307306 | G61: 머레이 디지털 펜 보이스레코더/학습강의 PV-3000 16GB 최대 180시간녹음 선명한 음질 볼펜녹음기 | H61: 정새롬 | I61: 정새롬 | J61: 47900 | K61: 1 | L61: 45986.45 | M61: 45987.507
A62: =iferror(date(year(L62),month(L62),day(L62)),"날짜") -> 45986 | B62: 배송완료 | C62: 옥션(murraymall) | D62: user726730 | E62: 2540927717 | F62: D667321854 | G62: 세척편한 인테리어 물멍가습기 미니 초음파 가습기 HUMI-10 최대 10시간 연속사용 | H62: 최찬빛 | I62: 최찬빛 | J62: 43900 | K62: 1 | L62: 45986.197 | M62: 45987.666
A63: =iferror(date(year(L63),month(L63),day(L63)),"날짜") -> 45986 | B63: 송금완료 | C63: 지마켓(murraymall) | D63: user679664 | E63: 4372538086 | F63: 4180303895 | G63: 한일의료기 정품 그래핀 5세대 탄소매트 전기매트 온열매트 (싱글 100x180cm) 정품 공급처 | H63: name-3689072139 | I63: name-3689072139 | J63: 59000 | K63: 1 | L63: 45986.147 | M63: 45987.591 | N63: 45989
A64: =iferror(date(year(L64),month(L64),day(L64)),"날짜") -> 45986 | B64: 송금완료 | C64: 지마켓(murraymall) | D64: user81755 | E64: 4372529621 | F64: 4113888539 | G64: 초강력 간편 휴대용/차량용 코털제거기 코털정리기 (오렌지) | H64: name-4208582564 | I64: name-4208582564 | J64: 14500 | K64: 1 | L64: 45986.056 | M64: 45987.639 | N64: 45988
A65: =iferror(date(year(L65),month(L65),day(L65)),"날짜") -> 45985 | B65: 배송완료 | C65: 지마켓(murraymall) | D65: user176172 | E65: 4372485968 | F65: 4180303895 | G65: 한일의료기 정품 그래핀 5세대 탄소매트 전기매트 온열매트 (싱글 100x180cm) 정품 공급처 | H65: 윤바다 | I65: 윤바다 | J65: 59000 | K65: 1 | L65: 45985.924 | M65: 45987.591
A66: =iferror(date(year(L66),month(L66),day(L66)),"날짜") -> 45985 | B66: 송금완료 | C66: 지마켓(murraymall) | D66: user335014 | E66: 4372479376 | F66: 2738943734 | G66: 코털제거기 코털정리기 잔털제거 교체 헤드 + 거치대 세트 고급형 깔끔하게 정리하자 | H66: 권나래 | I66: 권나래 | J66: 19900 | K66: 1 | L66: 45985.909 | M66: 45987.598 | N66: 45989
A67: =iferror(date(year(L67),month(L67),day(L67)),"날짜") -> 45985 | B67: 배송완료 | C67: 옥션(murraymall) | D67: user770436 | E67: 2540904369 | F67: E761279609 | G67: 한일의료기 정품 그래핀 5세대 탄소매트 전기매트 온열매트 (싱글 100x180cm) 정품 공급처 | H67: 조이든 | I67: 조이든 | J67: 59000 | K67: 1 | L67: 45985.888 | M67: 45987.69
A68: =iferror(date(year(L68),month(L68),day(L68)),"날짜") -> 45986 | B68: 송금완료 | C68: 옥션(murraymall) | D68: user687411 | E68: 2540903612 | F68: E761279609 | G68: 한일의료기 정품 그래핀 5세대 탄소매트 전기매트 온열매트 (싱글 100x180cm) 정품 공급처 | H68: name-3158384946 | I68: 조마루 | J68: 118000 | K68: 2 | L68: 45986.876 | M68: 45988.635 | N68: 45990.638
A69: =iferror(date(year(L69),month(L69),day(L69)),"날짜") -> 45986 | B69: 송금완료 | C69: 옥션(murraymall) | D69: user867558 | E69: 2540902674 | F69: E761279609 | G69: 한일의료기 정품 그래핀 5세대 탄소매트 전기매트 온열매트 (싱글 100x180cm) 정품 공급처 | H69: name-2861539702 | I69: 정누리 | J69: 118000 | K69: 2 | L69: 45986.419 | M69: 45987.741 | N69: 45990.64
A70: =iferror(date(year(L70),month(L70),day(L70)),"날짜") -> 45985 | B70: 배송완료 | C70: 지마켓(murraymall) | D70: user133211 | E70: 4372439581 | F70: 4180303895 | G70: 한일의료기 정품 그래핀 5세대 탄소매트 전기매트 온열매트 (싱글 100x180cm) 정품 공급처 | H70: 권하늘 | I70: 권하늘 | J70: 59000 | K70: 1 | L70: 45985.814 | M70: 45987.528
A71: =iferror(date(year(L71),month(L71),day(L71)),"날짜") -> 45985 | B71: 배송완료 | C71: 지마켓(murraymall) | D71: user771637 | E71: 4372400189 | F71: 4180303895 | G71: 한일의료기 정품 그래핀 5세대 탄소매트 전기매트 온열매트 (싱글 100x180cm) 정품 공급처 | H71: 임누리 | I71: 임누리 | J71: 59000 | K71: 1 | L71: 45985.7 | M71: 45987.619
A72: =iferror(date(year(L72),month(L72),day(L72)),"날짜") -> 45985 | B72: 배송완료 | C72: 지마켓(murraymall) | D72: user3059 | E72: 4372376807 | F72: 4544699629 | G72: 한일의료기 탄소 매트 극세사 2겹 더블 매트 (좌우 분리 개별 난방) HIM-3000D2 라이트그레이 정품 공급처 | H72: name-1780540380 | I72: name-2328127318 | J72: 145000 | K72: 1 | L72: 45985.656 | M72: 45988.48
A73: =iferror(date(year(L73),month(L73),day(L73)),"날짜") -> 45985 | B73: 배송완료 | C73: 지마켓(murraymall) | D73: user150199 | E73: 4372259016 | F73: 4188494215 | G73: 1+1 컬러2in1 도킹형 일체형 휴대폰 보조배터리 (C타입/8핀) 산뜻한 디자인 든든한 1+1 가성비 | H73: name-2212968534 | I73: 서가온 | J73: 49800 | K73: 2 | L73: 45985.459 | M73: 45986.66
A74: =iferror(date(year(L74),month(L74),day(L74)),"날짜") -> 45985 | B74: 송금완료 | C74: 지마켓(murraymall) | D74: user475715 | E74: 4372253446 | F74: 4396121631 | G74: 효자손 갈고리형 목어깨마사지기 전동마사지건 전신안마기 2025년 신형 부모님 건강 선물 | H74: name-4119273739 | I74: name-4119273739 | J74: 48000 | K74: 1 | L74: 45985.451 | M74: 45986.591 | N74: 45987
A75: =iferror(date(year(L75),month(L75),day(L75)),"날짜") -> 45985 | B75: 배송완료 | C75: 지마켓(murraymall) | D75: user35603 | E75: 4372228649 | F75: 4180306338 | G75: 한일의료기 정품 그래핀 5세대 탄소매트 전기매트 온열매트 (더블 135x180cm) 정품 공급처 | H75: name-3778005657 | I75: name-3778005657 | J75: 65000 | K75: 1 | L75: 45985.415 | M75: 45986.542
A76: =iferror(date(year(L76),month(L76),day(L76)),"날짜") -> 45985 | B76: 송금완료 | C76: 지마켓(murraymall) | D76: user71050 | E76: 4372179436 | F76: 4180303895 | G76: 한일의료기 정품 그래핀 5세대 탄소매트 전기매트 온열매트 (싱글 100x180cm) 정품 공급처 | H76: name-1521563514 | I76: name-1521563514 | J76: 118000 | K76: 2 | L76: 45985.301 | M76: 45986.598 | N76: 45988
A77: =iferror(date(year(L77),month(L77),day(L77)),"날짜") -> 45985 | B77: 송금완료 | C77: 옥션(murraymall) | D77: user266788 | E77: 2540815206 | F77: E761281917 | G77: 한일의료기 정품 그래핀 5세대 탄소매트 전기매트 온열매트 (더블 135x180cm) 정품 공급처 | H77: 이바다 | I77: 이바다 | J77: 65000 | K77: 1 | L77: 45985.272 | M77: 45986.639 | N77: 45987.472
A78: =iferror(date(year(L78),month(L78),day(L78)),"날짜") -> 45984 | B78: 배송완료 | C78: 옥션(murraymall) | D78: user212291 | E78: 2540795156 | F78: E761279609 | G78: 한일의료기 정품 그래핀 5세대 탄소매트 전기매트 온열매트 (싱글 100x180cm) 정품 공급처 | H78: 한찬빛 | I78: 서해든 | J78: 59000 | K78: 1 | L78: 45984.93 | M78: 45986.533
A79: =iferror(date(year(L79),month(L79),day(L79)),"날짜") -> 45984 | B79: 배송완료 | C79: 지마켓(murraymall) | D79: user369375 | E79: 4372040664 | F79: 1803991571 | G79: 머레이 LED 촛불 리얼 캔들 무드등 5개 세트 크리스마스 분위기 내기 | H79: name-3866520582 | I79: name-3866520582 | J79: 21900 | K79: 1 | L79: 45984.739 | M79: 45986.632
A80: =iferror(date(year(L80),month(L80),day(L80)),"날짜") -> 45984 | B80: 배송완료 | C80: 지마켓(murraymall) | D80: user368167 | E80: 4372011653 | F80: 4188494215 | G80: 1+1 컬러2in1 도킹형 일체형 휴대폰 보조배터리 (C타입/8핀) 산뜻한 디자인 든든한 1+1 가성비 | H80: name-1855362861 | I80: name-1855362861 | J80: 24900 | K80: 1 | L80: 45984.648 | M80: 45986.632
A81: =iferror(date(year(L81),month(L81),day(L81)),"날짜") -> 45984 | B81: 구매결정완료 | C81: 지마켓(murraymall) | D81: user941957 | E81: 4371932936 | F81: 4547685725 | G81: 전자파 없는 한일의료기 전기매트 극세사 퀸 사이즈 연그레이 HI-2025D 정품 공급처 | H81: 서슬기 | I81: 서슬기 | J81: 119000 | K81: 1 | L81: 45984.302 | M81: 45986.771
A82: =iferror(date(year(L82),month(L82),day(L82)),"날짜") -> 45984 | B82: 배송완료 | C82: 지마켓(murraymall) | D82: user382523 | E82: 4371919136 | F82: 1784307306 | G82: 머레이 디지털 펜 보이스레코더/학습강의 PV-3000 16GB 최대 180시간녹음 선명한 음질 볼펜녹음기 | H82: 오바다 | I82: 오바다 | J82: 47900 | K82: 1 | L82: 45984.054 | M82: 45986.709
A83: =iferror(date(year(L83),month(L83),day(L83)),"날짜") -> 45983 | B83: 배송완료 | C83: 지마켓(murraymall) | D83: user434607 | E83: 4371902131 | F83: 4180303895 | G83: 한일의료기 정품 그래핀 5세대 탄소매트 전기매트 온열매트 (싱글 100x180cm) 정품 공급처 | H83: 김해든 | I83: 김해든 | J83: 59000 | K83: 1 | L83: 45983.968 | M83: 45986.674
A84: =iferror(date(year(L84),month(L84),day(L84)),"날짜") -> 45983 | B84: 배송완료 | C84: 옥션(murraymall) | D84: user506447 | E84: 2540691604 | F84: E761279609 | G84: 한일의료기 정품 그래핀 5세대 탄소매트 전기매트 온열매트 (싱글 100x180cm) 정품 공급처 | H84: 신찬빛 | I84: 신찬빛 | J84: 59000 | K84: 1 | L84: 45983.812 | M84: 45986.715
A85: =iferror(date(year(L85),month(L85),day(L85)),"날짜") -> 45983 | B85: 배송완료 | C85: 옥션(murraymall) | D85: user655660 | E85: 2540669778 | F85: E761279609 | G85: 한일의료기 정품 그래핀 5세대 탄소매트 전기매트 온열매트 (싱글 100x180cm) 정품 공급처 | H85: 오슬기 | I85: 오슬기 | J85: 59000 | K85: 1 | L85: 45983.565 | M85: 45986.749
A86: =iferror(date(year(L86),month(L86),day(L86)),"날짜") -> 45982 | B86: 배송완료 | C86: 지마켓(murraymall) | D86: user991760 | E86: 4371643254 | F86: 2774671191 | G86: 레인보우LED 블루투스마이크 노래방마이크 블루투스스피커 블랙 유치원/학교 대량구매 인기상품 | H86: name-705121214 | I86: name-385274483 | J86: 360000 | K86: 5 | L86: 45982.755 | M86: 45986.709
A87: =iferror(date(year(L87),month(L87),day(L87)),"날짜") -> 45982 | B87: 배송완료 | C87: 지마켓(murraymall) | D87: user559240 | E87: 4371615574 | F87: 4396286099 | G87: 3in1 파스텔 도킹형 보조배터리 올인원 갤럭시워치 애플워치충전기 감각적인 디자인에 워치까지 한번에~ | H87: name-961030074 | I87: 최다솜 | J87: 28000 | K87: 1 | L87: 45982.675 | M87: 45986.625
A88: =iferror(date(year(L88),month(L88),day(L88)),"날짜") -> 45982 | B88: 구매결정완료 | C88: 지마켓(murraymall) | D88: user554989 | E88: 4371586557 | F88: 2774671191 | G88: 레인보우LED 블루투스마이크 노래방마이크 블루투스스피커 블랙 유치원/학교 대량구매 인기상품 | H88: 최라온 | I88: 최라온 | J88: 72000 | K88: 1 | L88: 45982.615 | M88: 45983.625
A89: =iferror(date(year(L89),month(L89),day(L89)),"날짜") -> 45982 | B89: 송금완료 | C89: 옥션(murraymall) | D89: user447377 | E89: 2540575455 | F89: E761281917 | G89: 한일의료기 정품 그래핀 5세대 탄소매트 전기매트 온열매트 (더블 135x180cm) 정품 공급처 | H89: name-3637207470 | I89: name-3637207470 | J89: 65000 | K89: 1 | L89: 45982.509 | M89: 45983.53 | N89: 45991.074
A90: =iferror(date(year(L90),month(L90),day(L90)),"날짜") -> 45982 | B90: 구매결정완료 | C90: 지마켓(murraymall) | D90: user873295 | E90: 4371453164 | F90: 4180303895 | G90: 한일의료기 정품 그래핀 5세대 탄소매트 전기매트 온열매트 (싱글 100x180cm) 정품 공급처 | H90: name-3507080772 | I90: name-3507080772 | J90: 59000 | K90: 1 | L90: 45982.389 | M90: 45983.632
A91: =iferror(date(year(L91),month(L91),day(L91)),"날짜") -> 45982 | B91: 구매결정완료 | C91: 지마켓(murraymall) | D91: user317313 | E91: 4371394255 | F91: 4188494215 | G91: 1+1 컬러2in1 도킹형 일체형 휴대폰 보조배터리 (C타입/8핀) 산뜻한 디자인 든든한 1+1 가성비 | H91: name-1942140730 | I91: name-1942140730 | J91: 24900 | K91: 1 | L91: 45982.001 | M91: 45983.653
A92: =iferror(date(year(L92),month(L92),day(L92)),"날짜") -> 45981 | B92: 구매결정완료 | C92: 지마켓(murraymall) | D92: user935112 | E92: 4371353153 | F92: 4180306338 | G92: 한일의료기 정품 그래핀 5세대 탄소매트 전기매트 온열매트 (더블 135x180cm) 정품 공급처 | H92: name-3115415491 | I92: name-3115415491 | J92: 65000 | K92: 1 | L92: 45981.903 | M92: 45983.653
A93: =iferror(date(year(L93),month(L93),day(L93)),"날짜") -> 45981 | B93: 취소완료 | C93: 지마켓(murraymall) | D93: cann**** | E93: 4371349087 | F93: 4180347851 | G93: 한일의료기 정품 테라톤 5세대 극세사 탄소매트 전기매트 온열매트 (더블 140x200cm) 정품 공급처 | H93: name-287488693 | I93: name-287488693 | J93: 119000 | K93: 1 | L93: 45981.894
A94: =iferror(date(year(L94),month(L94),day(L94)),"날짜") -> 45981 | B94: 구매결정완료 | C94: 지마켓(murraymall) | D94: user5627 | E94: 4371309588 | F94: 3598591102 | G94: 가볍고 음질좋은 블루투스이어폰 무선이어폰 BT-50 안드로이드/IOS 모두 호환 | H94: name-222315109 | I94: name-222315109 | J94: 25900 | K94: 1 | L94: 45981.793 | M94: 45983.556
A95: =iferror(date(year(L95),month(L95),day(L95)),"날짜") -> 45981 | B95: 구매결정완료 | C95: 지마켓(murraymall) | D95: user116070 | E95: 4371278057 | F95: 4180306338 | G95: 한일의료기 정품 그래핀 5세대 탄소매트 전기매트 온열매트 (더블 135x180cm) 정품 공급처 | H95: 윤나래 | I95: 윤나래 | J95: 65000 | K95: 1 | L95: 45981.702 | M95: 45983.521
A96: =iferror(date(year(L96),month(L96),day(L96)),"날짜") -> 45981 | B96: 송금완료 | C96: 옥션(murraymall) | D96: user630308 | E96: 2540483251 | F96: E761279609 | G96: 한일의료기 정품 그래핀 5세대 탄소매트 전기매트 온열매트 (싱글 100x180cm) 정품 공급처 | H96: name-4060461621 | I96: 윤초록 | J96: 59000 | K96: 1 | L96: 45981.694 | M96: 45983.415 | N96: 45991.042
A97: =iferror(date(year(L97),month(L97),day(L97)),"날짜") -> 45981 | B97: 구매결정완료 | C97: 지마켓(murraymall) | D97: user829216 | E97: 4371197802 | F97: 4180303895 | G97: 한일의료기 정품 그래핀 5세대 탄소매트 전기매트 온열매트 (싱글 100x180cm) 정품 공급처 | H97: name-3002649463 | I97: name-2937245387 | J97: 118000 | K97: 2 | L97: 45981.557 | M97: 45982.612
A98: =iferror(date(year(L98),month(L98),day(L98)),"날짜") -> 45981 | B98: 구매결정완료 | C98: 지마켓(murraymall) | D98: user868392 | E98: 4371171619 | F98: 4188494215 | G98: 1+1 컬러2in1 도킹형 일체형 휴대폰 보조배터리 (C타입/8핀) 산뜻한 디자인 든든한 1+1 가성비 | H98: name-4164015742 | I98: name-685638781 | J98: 99600 | K98: 4 | L98: 45981.509 | M98: 45982.536
A99: =iferror(date(year(L99),month(L99),day(L99)),"날짜") -> 45981 | B99: 구매결정완료 | C99: 지마켓(murraymall) | D99: user401992 | E99: 4371167268 | F99: 4547685725 | G99: 전자파 없는 한일의료기 전기매트 극세사 퀸 사이즈 연그레이 HI-2025D 정품 공급처 | H99: name-2161440253 | I99: name-2161440253 | J99: 119000 | K99: 1 | L99: 45981.5 | M99: 45982.619
A100: =iferror(date(year(L100),month(L100),day(L100)),"날짜") -> 45981 | B100: 구매결정완료 | C100: 지마켓(murraymall) | D100: user651287 | E100: 4371130636 | F100: 4180303895 | G100: 한일의료기 정품 그래핀 5세대 탄소매트 전기매트 온열매트 (싱글 100x180cm) 정품 공급처 | H100: name-4254994925 | I100: name-3556936414 | J100: 118000 | K100: 2 | L100: 45981.452 | M100: 45982.605
...

Sheet 파워클릭 raw
A2: 날짜 | B2: 노출수 | C2: 클릭수 | D2: 클릭률 | E2: 평균노출순위 | F2: 평균클릭비용 | G2: 총비용 | H2: 구매수 | I2: 구매금액 | J2: 전환율 | K2: 광고수익률
A3: 45962 | B3: 23875 | C3: 191 | D3: 0.8 | E3: 10 | F3: 647 | G3: 123486 | H3: 16 | I3: 798400 | J3: 8.38 | K3: 646.55
A4: 45963 | B4: 25345 | C4: 182 | D4: 0.72 | E4: 10 | F4: 654 | G4: 118965 | H4: 21 | I4: 1153200 | J4: 11.54 | K4: 969.36
A5: 45964 | B5: 21864 | C5: 159 | D5: 0.73 | E5: 12 | F5: 672 | G5: 106810 | H5: 24 | I5: 1357900 | J5: 15.09 | K5: 1271.32
A6: 45965 | B6: 19912 | C6: 137 | D6: 0.69 | E6: 12 | F6: 668 | G6: 91509 | H6: 11 | I6: 604500 | J6: 8.03 | K6: 660.59
A7: 45966 | B7: 21588 | C7: 125 | D7: 0.58 | E7: 12 | F7: 620 | G7: 77473 | H7: 11 | I7: 580800 | J7: 8.8 | K7: 749.68
A8: 45967 | B8: 18757 | C8: 105 | D8: 0.56 | E8: 12 | F8: 684 | G8: 71786 | H8: 14 | I8: 856900 | J8: 13.33 | K8: 1193.69
A9: 45968 | B9: 17753 | C9: 103 | D9: 0.58 | E9: 11 | F9: 714 | G9: 73568 | H9: 7 | I9: 374700 | J9: 6.8 | K9: 509.32
A10: 45969 | B10: 26900 | C10: 110 | D10: 0.41 | E10: 9 | F10: 680 | G10: 74833 | H10: 11 | I10: 769900 | J10: 10 | K10: 1028.82
A11: 45970 | B11: 30316 | C11: 161 | D11: 0.53 | E11: 9 | F11: 638 | G11: 102740 | H11: 8 | I11: 477500 | J11: 4.97 | K11: 464.77
A12: 45971 | B12: 23643 | C12: 137 | D12: 0.58 | E12: 12 | F12: 617 | G12: 84469 | H12: 13 | I12: 824800 | J12: 9.49 | K12: 976.45
A13: 45972 | B13: 27095 | C13: 148 | D13: 0.55 | E13: 12 | F13: 642 | G13: 95051 | H13: 7 | I13: 463000 | J13: 4.73 | K13: 487.11
A14: 45973 | B14: 20154 | C14: 71 | D14: 0.35 | E14: 12 | F14: 688 | G14: 48818 | H14: 7 | I14: 426000 | J14: 9.86 | K14: 872.63
... A32: 45991 | B32: 56621 | C32: 93 | D32: 0.16 | E32: 11 | F32: 651 | G32: 60577 | H32: 4 | I32: 184400 | J32: 4.3 | K32: 304.41

Sheet Ai매출업 raw
A1: 날짜별 | B1: 클릭수 | C1: 평균클릭비용 | D1: 총비용 | E1: 광고상품기준-주문수 | F1: 광고상품기준-구매수 | G1: 광고상품기준-구매금액 | H1: 판매자기준-주문수 | I1: 판매자기준-구매수 | J1: 판매자기준-구매금액 | K1: 판매자기준-전환율 | L1: 판매자기준-광고수익률
A2: 45962 | B2: 68 | C2: 404 | D2: 27467 | E2: 5 | F2: 7 | G2: 378000 | H2: 6 | I2: 8 | J2: 497000 | K2: 0.1176 | L2: 18.0944
A3: 45963 | B3: 65 | C3: 417 | D3: 27093 | E3: 6 | F3: 8 | G3: 528000 | H3: 6 | I3: 8 | J3: 528000 | K3: 0.1231 | L3: 19.4884
A4: 45964 | B4: 68 | C4: 396 | D4: 26939 | E4: 8 | F4: 10 | G4: 725900 | H4: 8 | I4: 10 | J4: 725900 | K4: 0.1471 | L4: 26.9461
A5: 45965 | B5: 66 | C5: 397 | D5: 26180 | E5: 5 | F5: 6 | G5: 414000 | H5: 5 | I5: 6 | J5: 414000 | K5: 0.0909 | L5: 15.8136
A6: 45966 | B6: 67 | C6: 404 | D6: 27071 | E6: 6 | F6: 10 | G6: 642000 | H6: 6 | I6: 10 | J6: 642000 | K6: 0.1493 | L6: 23.7154
A7: 45967 | B7: 134 | C7: 410 | D7: 54934 | E7: 5 | F7: 28 | G7: 1712000 | H7: 7 | I7: 30 | J7: 1896000 | K7: 0.2239 | L7: 34.5141
A8: 45968 | B8: 122 | C8: 411 | D8: 50182 | E8: 8 | F8: 9 | G8: 612500 | H8: 8 | I8: 9 | J8: 612500 | K8: 0.0738 | L8: 12.2056
A9: 45969 | B9: 164 | C9: 394 | D9: 64680 | E9: 10 | F9: 13 | G9: 749700 | H9: 13 | I9: 18 | J9: 1260700 | K9: 0.1098 | L9: 19.4913
A10: 45970 | B10: 173 | C10: 394 | D10: 68101 | E10: 8 | F10: 9 | G10: 653800 | H10: 9 | I10: 10 | J10: 718800 | K10: 0.0578 | L10: 10.5549
A11: 45971 | B11: 201 | C11: 392 | D11: 78892 | E11: 12 | F11: 15 | G11: 1016800 | H11: 13 | I11: 16 | J11: 1081800 | K11: 0.0796 | L11: 13.7124
A12: 45972 | B12: 202 | C12: 398 | D12: 80366 | E12: 7 | F12: 9 | G12: 637900 | H12: 7 | I12: 9 | J12: 637900 | K12: 0.0446 | L12: 7.9374
A13: 45973 | B13: 241 | C13: 325 | D13: 78386 | E13: 3 | F13: 3 | G13: 137900 | H13: 3 | I13: 3 | J13: 137900 | K13: 0.0124 | L13: 1.7592
... A31: 45991 | B31: 127 | C31: 330 | D31: 41888 | E31: 3 | F31: 3 | G31: 104400 | H31: 4 | I31: 4 | J31: 163400 | K31: 0.0315 | L31: 3.9009

Sheet 11_매출정리
A1: 날짜 | B1: NO | C1: 주문번호 | D1: 주문순번 | E1: 배송번호 | F1: 주문상태 | G1: 구매자명 | H1: 구매자ID | I1: 결제완료일 | J1: 발송처리일 | K1: 배송완료일 | L1: 수취확인일 | M1: 정산확정일 | N1: 송금완료일 | O1: 상품번호 | P1: 상품명 | Q1: 옵션명 | R1: 수량 | S1: 정산금액 | T1: 판매금액합계 | U1: 추가정산금액합계 | V1: 공제금액합계 | W1: 빠른정산선지급금액 | X1: 판매가 | Y1: 옵션가 | Z1: 선결제배송비 | AA1: 도서산간배송비 | AB1: 구매자부담 반품/교환배송비 | AC1: 반품/교환추가금 | AD1: 반품선결제배송비 | AE1: 반품도서산간배송비 | AF1: 해외취소배송비 | AG1: 티켓예매수수료 | AH1: 티켓취소예매수수료 | AI1: 티켓취소위약금 | AJ1: 여행취소위약금 | AK1: [장산]스토어묶음할인 | AL1: 송장번호 | AM1: 서비스이용료정책 | AN1: 기본서비스이용율 | AO1: 서비스이용료(상품) | AP1: 제휴마케팅대행(상품) | AQ1: 서비스이용료(선결제배송비) | AR1: 제휴마케팅대행(선결제배송비) | AS1: 할인쿠폰이용료 | AT1: 판매자기본할인 | AU1: 판매자추가할인 | AV1: 11번가할인 | AW1: 복수구매할인비용 | AX1: 판매자부담카드추가할인 | AY1: [공제]스토어묶음할인 | AZ1: 포인트이용료 | BA1: 칩이용료 | BB1: 무이자할부이용료 | BC1: 후불광고비 | BD1: 지정택배이용료 | BE1: 전세계배송 판매자책임반품 | BF1: 수출대행수수료 | BG1: 물류이용수수료 | BH1: 반품보험료
A2: =I2 -> 45962 | B2: 1 | C2: 20251101007738962 | D2: 1 | E2: 2647103118 | F2: 구매확정 | G2: 서아름 | H2: kon********* | I2: 45962 | J2: 45964 | K2: 45965 | L2: 45973 | M2: 45973 | N2: 45975 | O2: 8218763311 | P2: 머레이 3in1 맥세이프 보조배터리 애플워치 충전독 일체형 10000mAh 대용량 스마트폰 거치대 | Q2: 색상:블랙-1개 | R2: 1 | S2: 22948 | T2: 29000 | U2: 0 | V2: 6052 | W2: 0 | X2: 29000 | Y2: 0 | Z2: 0 | AA2: 0 | AB2: 0 | AC2: 0 | AD2: 0 | AE2: 0 | AF2: 0 | AG2: 0 | AH2: 0 | AI2: 0 | AJ2: 0 | AK2: 0 | AL2: 460723947880 | AM2: 동의 | AN2: 0.09 | AO2: 0 | AP2: 0 | AQ2: 0 | AR2: 0 | AS2: 5832 | AT2: 2700 | AU2: 3132 | AV2: 598 | AW2: 0 | AX2: 0 | AY2: 0 | AZ2: 0 | BA2: 0 | BB2: 0 | BC2: 220 | BD2: 0 | BE2: 0 | BF2: 0 | BG2: 0 | BH2: 0
A3: =I3 -> 45962 | B3: 2 | C3: 20251101007755765 | D3: 1 | E3: 2647113402 | F3: 구매확정 | G3: 박푸른 | H3: wbd*** | I3: 45962 | J3: 45964 | K3: 45965 | L3: 45973 | M3: 45973 | N3: 45975 | O3: 6342749718 | P3: 머레이 스톤 손난로 보조배터리 10,000mAh 대용량배터리 / KC안전인증 / 3단온도조절 / 양면 급속발열 / LED액정 잔량표시 / 수족냉증 | Q3: 색상:매트 핑크-1개 | R3: 1 | S3: 25109 | T3: 59000 | U3: 0 | V3: 33891 | W3: 25109 | X3: 59000 | Y3: 0 | Z3: 0 | AA3: 0 | AB3: 0 | AC3: 0 | AD3: 0 | AE3: 0 | AF3: 0 | AG3: 0 | AH3: 0 | AI3: 0 | AJ3: 0 | AK3: 0 | AL3: 460723947891 | AM3: 동의 | AN3: 0.09 | AO3: 2038 | AP3: 0 | AQ3: 0 | AR3: 0 | AS3: 31330 | AT3: 27240 | AU3: 4090 | AV3: 0 | AW3: 0 | AX3: 0 | AY3: 0 | AZ3: 0 | BA3: 0 | BB3: 0 | BC3: 523 | BD3: 0 | BE3: 0 | BF3: 0 | BG3: 0 | BH3: 0
A4: =I4 -> 45962 | B4: 3 | C4: 20251101007937558 | D4: 1 | E4: 2647217241 | F4: 구매확정 | G4: name-3719882576 | H4: wpf*** | I4: 45962 | J4: 45964 | K4: 45965 | L4: 45973 | M4: 45973 | N4: 45975 | O4: 3967025462 | P4: 머레이 무선 블루투스 인체공학 버티컬 마우스 BM-550 | Q4: 1개 | R4: 1 | S4: 28780 | T4: 39900 | U4: 0 | V4: 11120 | W4: 0 | X4: 39900 | Y4: 0 | Z4: 0 | AA4: 0 | AB4: 0 | AC4: 0 | AD4: 0 | AE4: 0 | AF4: 0 | AG4: 0 | AH4: 0 | AI4: 0 | AJ4: 0 | AK4: 0 | AL4: 460723947902 | AM4: 동의 | AN4: 0.09 | AO4: 719 | AP4: 0 | AQ4: 0 | AR4: 0 | AS4: 7990 | AT4: 4400 | AU4: 3590 | AV4: 0 | AW4: 0 | AX4: 0 | AY4: 0 | AZ4: 0 | BA4: 0 | BB4: 0 | BC4: 2411 | BD4: 0 | BE4: 0 | BF4: 0 | BG4: 0 | BH4: 0
A5: =I5 -> 45962 | B5: 4 | C5: 20251101007947086 | D5: 1 | E5: 2647222551 | F5: 구매확정 | G5: name-1741642988 | H5: 100******************** | I5: 45962 | J5: 45964 | K5: 45965 | L5: 45973 | M5: 45973 | N5: 45975 | O5: 6422434702 | P5: 머레이 맥세이프 스마트폰 360도 회전 다용도 거치대 (맥세이프링 포함) 차량용 책상용 사무용 강력거치 | Q5: 수량:단품 구매(1개)-1개 | R5: 1 | S5: 15937 | T5: 19900 | U5: 0 | V5: 3963 | W5: 0 | X5: 19900 | Y5: 0 | Z5: 0 | AA5: 0 | AB5: 0 | AC5: 0 | AD5: 0 | AE5: 0 | AF5: 0 | AG5: 0 | AH5: 0 | AI5: 0 | AJ5: 0 | AK5: 0 | AL5: 460723947913 | AM5: 동의 | AN5: 0.11 | AO5: 1557 | AP5: 0 | AQ5: 0 | AR5: 0 | AS5: 1990 | AT5: 1200 | AU5: 790 | AV5: 0 | AW5: 0 | AX5: 0 | AY5: 0 | AZ5: 0 | BA5: 0 | BB5: 0 | BC5: 416 | BD5: 0 | BE5: 0 | BF5: 0 | BG5: 0 | BH5: 0
A6: =I6 -> 45962 | B6: 5 | C6: 20251101008090674 | D6: 3 | E6: 2647318872 | F6: 구매확정 | G6: 박새롬 | H6: 360**************** | I6: 45962 | J6: 45964 | K6: 45965 | L6: 45973 | M6: 45973 | N6: 45975 | O6: 6342749718 | P6: 머레이 스톤 손난로 보조배터리 10,000mAh 대용량배터리 / KC안전인증 / 3단온도조절 / 양면 급속발열 / LED액정 잔량표시 / 수족냉증 | Q6: 색상:매트 핑크-1개 | R6: 1 | S6: 25245 | T6: 59000 | U6: 0 | V6: 33755 | W6: 25245 | X6: 59000 | Y6: 0 | Z6: 0 | AA6: 0 | AB6: 0 | AC6: 0 | AD6: 0 | AE6: 0 | AF6: 0 | AG6: 0 | AH6: 0 | AI6: 0 | AJ6: 0 | AK6: 0 | AL6: 460723947924 | AM6: 동의 | AN6: 0.09 | AO6: 2614 | AP6: 0 | AQ6: 0 | AR6: 0 | AS6: 30610 | AT6: 27240 | AU6: 3370 | AV6: 0 | AW6: 0 | AX6: 0 | AY6: 0 | AZ6: 0 | BA6: 0 | BB6: 0 | BC6: 531 | BD6: 0 | BE6: 0 | BF6: 0 | BG6: 0 | BH6: 0
A7: =I7 -> 45962 | B7: 6 | C7: 20251101008145165 | D7: 1 | E7: 2647355404 | F7: 구매확정 | G7: 강가온 | H7: 423**************** | I7: 45962 | J7: 45964 | K7: 45965 | L7: 45966 | M7: 45966 | N7: 45968 | O7: 6546161396 | P7: 머레이 휴대용 미니 전기면도기 SV-2 학교 여행 회사 출장용 면도기 | Q7: 색상:실버 그레이-1개 | R7: 1 | S7: 13764 | T7: 18000 | U7: 0 | V7: 4236 | W7: 13764 | X7: 18000 | Y7: 0 | Z7: 0 | AA7: 0 | AB7: 0 | AC7: 0 | AD7: 0 | AE7: 0 | AF7: 0 | AG7: 0 | AH7: 0 | AI7: 0 | AJ7: 0 | AK7: 0 | AL7: 460723947935 | AM7: 동의 | AN7: 0.11 | AO7: 1124 | AP7: 0 | AQ7: 0 | AR7: 0 | AS7: 2780 | AT7: 1710 | AU7: 1070 | AV7: 0 | AW7: 0 | AX7: 0 | AY7: 0 | AZ7: 0 | BA7: 0 | BB7: 0 | BC7: 332 | BD7: 0 | BE7: 0 | BF7: 0 | BG7: 0 | BH7: 0
A8: =I8 -> 45962 | B8: 7 | C8: 20251101008234458 | D8: 1 | E8: 2647418877 | F8: 구매확정 | G8: name-336367376 | H8: qnf*** | I8: 45962 | J8: 45964 | K8: 45965 | L8: 45973 | M8: 45973 | N8: 45975 | O8: 6546161396 | P8: 머레이 휴대용 미니 전기면도기 SV-2 학교 여행 회사 출장용 면도기 | Q8: 색상:글리터 그린-1개 | R8: 1 | S8: 13764 | T8: 18000 | U8: 0 | V8: 4236 | W8: 5420 | X8: 18000 | Y8: 0 | Z8: 0 | AA8: 0 | AB8: 0 | AC8: 0 | AD8: 0 | AE8: 0 | AF8: 0 | AG8: 0 | AH8: 0 | AI8: 0 | AJ8: 0 | AK8: 0 | AL8: 460723947946 | AM8: 동의 | AN8: 0.11 | AO8: 1124 | AP8: 0 | AQ8: 0 | AR8: 0 | AS8: 2780 | AT8: 1710 | AU8: 1070 | AV8: 0 | AW8: 0 | AX8: 0 | AY8: 0 | AZ8: 0 | BA8: 0 | BB8: 0 | BC8: 332 | BD8: 0 | BE8: 0 | BF8: 0 | BG8: 0 | BH8: 0
A9: =I9 -> 45963 | B9: 8 | C9: 20251102008313667 | D9: 1 | E9: 2647468827 | F9: 구매확정 | G9: name-1468199151 | H9: gra**** | I9: 45963 | J9: 45964 | K9: 45965 | L9: 45966 | M9: 45966 | N9: 45968 | O9: 4968370224 | P9: 차량용 캐릭터 송풍구 방향제 MK-KUKII 프로펠러 디퓨저 | Q9: 디자인:쿠키 도그 그린 (오션향)-1개 | R9: 1 | S9: 12839 | T9: 20000 | U9: 0 | V9: 7161 | W9: 0 | X9: 20000 | Y9: 0 | Z9: 0 | AA9: 0 | AB9: 0 | AC9: 0 | AD9: 0 | AE9: 0 | AF9: 0 | AG9: 0 | AH9: 0 | AI9: 0 | AJ9: 0 | AK9: 0 | AL9: 460723947950 | AM9: 동의 | AN9: 0.13 | AO9: 1168 | AP9: 0 | AQ9: 0 | AR9: 0 | AS9: 3180 | AT9: 1390 | AU9: 1790 | AV9: 0 | AW9: 1000 | AX9: 0 | AY9: 0 | AZ9: 0 | BA9: 0 | BB9: 0 | BC9: 1813 | BD9: 0 | BE9: 0 | BF9: 0 | BG9: 0 | BH9: 0
A10: =I10 -> 45963 | B10: 9 | C10: 20251102008313667 | D10: 2 | E10: 2647468827 | F10: 구매확정 | G10: name-1468199151 | H10: gra**** | I10: 45963 | J10: 45964 | K10: 45965 | L10: 45966 | M10: 45966 | N10: 45968 | O10: 4968370224 | P10: 차량용 캐릭터 송풍구 방향제 MK-KUKII 프로펠러 디퓨저 | Q10: 디자인:히키 베어 블랙 (바닐라향)-1개 | R10: 1 | S10: 12839 | T10: 20000 | U10: 0 | V10: 7161 | W10: 0 | X10: 20000 | Y10: 0 | Z10: 0 | AA10: 0 | AB10: 0 | AC10: 0 | AD10: 0 | AE10: 0 | AF10: 0 | AG10: 0 | AH10: 0 | AI10: 0 | AJ10: 0 | AK10: 0 | AL10: 460723947950 | AM10: 동의 | AN10: 0.13 | AO10: 1168 | AP10: 0 | AQ10: 0 | AR10: 0 | AS10: 3180 | AT10: 1390 | AU10: 1790 | AV10: 0 | AW10: 1000 | AX10: 0 | AY10: 0 | AZ10: 0 | BA10: 0 | BB10: 0 | BC10: 1813 | BD10: 0 | BE10: 0 | BF10: 0 | BG10: 0 | BH10: 0
A11: =I11 -> 45963 | B11: 10 | C11: 20251102008387489 | D11: 1 | E11: 2647503535 | F11: 구매확정 | G11: 임새롬 | H11: nsh*** | I11: 45963 | J11: 45964 | K11: 45965 | L11: 45973 | M11: 45973 | N11: 45975 | O11: 5370879772 | P11: 원쁠원 머레이 4IN1 미니스탠드 스마트기기 무선충전기 F5 (+25W 고속충전어댑터 세트) 애플워치 갤럭시워치 에어팟 버즈 호환 갤럭시S25 충전기 | Q11: 호환모델/색상:삼성전용/화이트,초고속충전어댑터 색상:화이트-1개 | R11: 1 | S11: 24627 | T11: 33000 | U11: 0 | V11: 8373 | W11: 0 | X11: 33000 | Y11: 0 | Z11: 0 | AA11: 0 | AB11: 0 | AC11: 0 | AD11: 0 | AE11: 0 | AF11: 0 | AG11: 0 | AH11: 0 | AI11: 0 | AJ11: 0 | AK11: 0 | AL11: 460723947972 | AM11: 동의 | AN11: 0.09 | AO11: 0 | AP11: 0 | AQ11: 0 | AR11: 0 | AS11: 6624 | AT11: 3060 | AU11: 3564 | AV11: 406 | AW11: 0 | AX11: 0 | AY11: 0 | AZ11: 0 | BA11: 0 | BB11: 0 | BC11: 1749 | BD11: 0 | BE11: 0 | BF11: 0 | BG11: 0 | BH11: 0
A12: =I12 -> 45963 | B12: 11 | C12: 20251102008498823 | D12: 1 | E12: 2647571791 | F12: 구매확정 | G12: name-506429549 | H12: asy**************** | I12: 45963 | J12: 45964 | K12: 45965 | L12: 45973 | M12: 45973 | N12: 45975 | O12: 6342749718 | P12: 머레이 스톤 손난로 보조배터리 10,000mAh 대용량배터리 / KC안전인증 / 3단온도조절 / 양면 급속발열 / LED액정 잔량표시 / 수족냉증 | Q12: 색상:매트 블랙-1개 | R12: 1 | S12: 22004 | T12: 59000 | U12: 0 | V12: 36996 | W12: 22004 | X12: 59000 | Y12: 0 | Z12: 0 | AA12: 0 | AB12: 0 | AC12: 0 | AD12: 0 | AE12: 0 | AF12: 0 | AG12: 0 | AH12: 0 | AI12: 0 | AJ12: 0 | AK12: 0 | AL12: 460723947994 | AM12: 동의 | AN12: 0.09 | AO12: 2038 | AP12: 0 | AQ12: 0 | AR12: 0 | AS12: 33330 | AT12: 29240 | AU12: 4090 | AV12: 0 | AW12: 0 | AX12: 0 | AY12: 0 | AZ12: 0 | BA12: 0 | BB12: 0 | BC12: 1628 | BD12: 0 | BE12: 0 | BF12: 0 | BG12: 0 | BH12: 0
A13: =I13 -> 45963 | B13: 12 | C13: 20251102008536442 | D13: 1 | E13: 2647599688 | F13: 구매확정 | G13: 임한별 | H13: lif************************* | I13: 45963 | J13: 45964 | K13: 45965 | L13: 45967 | M13: 45967 | N13: 45971 | O13: 6546161396 | P13: 머레이 휴대용 미니 전기면도기 SV-2 학교 여행 회사 출장용 면도기 | Q13: 색상:글리터 그린-1개 | R13: 1 | S13: 12937 | T13: 18000 | U13: 0 | V13: 5063 | W13: 12937 | X13: 18000 | Y13: 0 | Z13: 0 | AA13: 0 | AB13: 0 | AC13: 0 | AD13: 0 | AE13: 0 | AF13: 0 | AG13: 0 | AH13: 0 | AI13: 0 | AJ13: 0 | AK13: 0 | AL13: 460723948005 | AM13: 동의 | AN13: 0.11 | AO13: 1124 | AP13: 0 | AQ13: 0 | AR13: 0 | AS13: 2780 | AT13: 1710 | AU13: 1070 | AV13: 0 | AW13: 0 | AX13: 0 | AY13: 0 | AZ13: 0 | BA13: 0 | BB13: 0 | BC13: 1159 | BD13: 0 | BE13: 0 | BF13: 0 | BG13: 0 | BH13: 0
... A35: =I35 -> 45965 | B35: 34 | C35: 20251104009729625 | D35: 1 | E35: 2648592446 | F35: 구매확정 | G35: name-512718668 | H35: ape***** | I35: 45965 | J35: 45965 | K35: 45966 | L35: 45967 | M35: 45967 | N35: 45971 | O35: 7175614365 | P35: 머레이 2세대 볼펜형 코털/잔털정리기 GR-PEN 트리머기기 코털제거기 눈썹정리 | Q35: 1개 | R35: 1 | S35: 12520 | T35: 15000 | U35: 0 | V35: 2480 | W35: 0 | X35: 15000 | Y35: 0 | Z35: 0 | AA35: 0 | AB35: 0 | AC35: 0 | AD35: 0 | AE35: 0 | AF35: 0 | AG35: 0 | AH35: 0 | AI35: 0 | AJ35: 0 | AK35: 0 | AL35: 460747987501 | AM35: 동의 | AN35: 0.09 | AO35: 870 | AP35: 0 | AQ35: 0 | AR35: 0 | AS35: 1500 | AT35: 900 | AU35: 600 | AV35: 0 | AW35: 0 | AX35: 0 | AY35: 0 | AZ35: 0 | BA35: 0 | BB35: 0 | BC35: 110 | BD35: 0 | BE35: 0 | BF35: 0 | BG35: 0 | BH35: 0
A36: =I36 -> 45965 | B36: 35 | C36: 2.0251104e+16 | D36: 2 | E36: 2648670646 | F36: 구매확정 | G36: name-1214061277 | H36: gan******* | I36: 45965 | J36: 45965 | K36: 45966 | L36: 45974 | M36: 45974 | N36: 45978 | O36: 6342749718 | P36: 머레이 스톤 손난로 보조배터리 10,000mAh 대용량배터리 / KC안전인증 / 3단온도조절 / 양면 급속발열 / LED액정 잔량표시 / 수족냉증 | Q36: 색상:매트 그린-9개 | R36: 9 | S36: 213306 | T36: 531000 | U36: 0 | V36: 317694 | W36: 0 | X36: 531000 | Y36: 0 | Z36: 0 | AA36: 0 | AB36: 0 | AC36: 0 | AD36: 0 | AE36: 0 | AF36: 0 | AG36: 0 | AH36: 0 | AI36: 0 | AJ36: 0 | AK36: 0 | AL36: 460748123334 | AM36: 동의 | AN36: 0.09 | AO36: 32734 | AP36: 0 | AQ36: 0 | AR36: 0 | AS36: 265970 | AT36: 247150 | AU36: 18820 | AV36: 0 | AW36: 18000 | AX36: 0 | AY36: 0 | AZ36: 0 | BA36: 0 | BB36: 0 | BC36: 990 | BD36: 0 | BE36: 0 | BF36: 0 | BG36: 0 | BH36: 0
A37: =I37 -> 45965 | B37: 36 | C37: 2.0251104e+16 | D37: 1 | E37: 2648670646 | F37: 구매확정 | G37: name-1214061277 | H37: gan******* | I37: 45965 | J37: 45965 | K37: 45966 | L37: 45974 | M37: 45974 | N37: 45978 | O37: 6342749718 | P37: 머레이 스톤 손난로 보조배터리 10,000mAh 대용량배터리 / KC안전인증 / 3단온도조절 / 양면 급속발열 / LED액정 잔량표시 / 수족냉증 | Q37: 색상:매트 블랙-10개 | R37: 10 | S37: 237236 | T37: 590000 | U37: 0 | V37: 352764 | W37: 226892 | X37: 590000 | Y37: 0 | Z37: 0 | AA37: 0 | AB37: 0 | AC37: 0 | AD37: 0 | AE37: 0 | AF37: 0 | AG37: 0 | AH37: 0 | AI37: 0 | AJ37: 0 | AK37: 0 | AL37: 460748123334 | AM37: 동의 | AN37: 0.09 | AO37: 36364 | AP37: 0 | AQ37: 0 | AR37: 0 | AS37: 295300 | AT37: 274380 | AU37: 20920 | AV37: 0 | AW37: 20000 | AX37: 0 | AY37: 0 | AZ37: 0 | BA37: 0 | BB37: 0 | BC37: 1100 | BD37: 0 | BE37: 0 | BF37: 0 | BG37: 0 | BH37: 0
A38: =I38 -> 45965 | B38: 37 | C38: 20251104009842476 | D38: 1 | E38: 2648707796 | F38: 구매확정 | G38: name-1681264304 | H38: han***** | I38: 45965 | J38: 45966 | K38: 45967 | L38: 45975 | M38: 45975 | N38: 45979 | O38: 6363337566 | P38: 머레이 절전형 발열 파티션 워머 LY-PH4 사무실 책상 발난로 히팅패드 전기히터온풍기 전기담요 | Q38: 1개 | R38: 1 | S38: 37646 | T38: 48000 | U38: 0 | V38: 10354 | W38: 0 | X38: 48000 | Y38: 0 | Z38: 0 | AA38: 0 | AB38: 0 | AC38: 0 | AD38: 0 | AE38: 0 | AF38: 0 | AG38: 0 | AH38: 0 | AI38: 0 | AJ38: 0 | AK38: 0 | AL38: 460752249624 | AM38: 동의 | AN38: 0.09 | AO38: 2792 | AP38: 0 | AQ38: 0 | AR38: 0 | AS38: 6890 | AT38: 4980 | AU38: 1910 | AV38: 0 | AW38: 0 | AX38: 0 | AY38: 0 | AZ38: 0 | BA38: 0 | BB38: 0 | BC38: 672 | BD38: 0 | BE38: 0 | BF38: 0 | BG38: 0 | BH38: 0
A39: =I39 -> 45965 | B39: 38 | C39: 20251104009994792 | D39: 1 | E39: 2648829959 | F39: 구매확정 | G39: 정하늘 | H39: mnb***** | I39: 45965 | J39: 45966 | K39: 45967 | L39: 45975 | M39: 45975 | N39: 45979 | O39: 6342749718 | P39: 머레이 스톤 손난로 보조배터리 10,000mAh 대용량배터리 / KC안전인증 / 3단온도조절 / 양면 급속발열 / LED액정 잔량표시 / 수족냉증 | Q39: 색상:매트 블랙-1개 | R39: 1 | S39: 21592 | T39: 59000 | U39: 0 | V39: 37408 | W39: 21592 | X39: 59000 | Y39: 0 | Z39: 0 | AA39: 0 | AB39: 0 | AC39: 0 | AD39: 0 | AE39: 0 | AF39: 0 | AG39: 0 | AH39: 0 | AI39: 0 | AJ39: 0 | AK39: 0 | AL39: 460752249635 | AM39: 동의 | AN39: 0.09 | AO39: 2438 | AP39: 0 | AQ39: 0 | AR39: 0 | AS39: 30830 | AT39: 27240 | AU39: 3590 | AV39: 0 | AW39: 2000 | AX39: 0 | AY39: 0 | AZ39: 0 | BA39: 0 | BB39: 0 | BC39: 2140 | BD39: 0 | BE39: 0 | BF39: 0 | BG39: 0 | BH39: 0
A40: =I40 -> 45965 | B40: 39 | C40: 20251104009994792 | D40: 2 | E40: 2648829959 | F40: 구매확정 | G40: 정하늘 | H40: mnb***** | I40: 45965 | J40: 45966 | K40: 45967 | L40: 45975 | M40: 45975 | N40: 45979 | O40: 6342749718 | P40: 머레이 스톤 손난로 보조배터리 10,000mAh 대용량배터리 / KC안전인증 / 3단온도조절 / 양면 급속발열 / LED액정 잔량표시 / 수족냉증 | Q40: 색상:매트 그린-1개 | R40: 1 | S40: 21592 | T40: 59000 | U40: 0 | V40: 37408 | W40: 21592 | X40: 59000 | Y40: 0 | Z40: 0 | AA40: 0 | AB40: 0 | AC40: 0 | AD40: 0 | AE40: 0 | AF40: 0 | AG40: 0 | AH40: 0 | AI40: 0 | AJ40: 0 | AK40: 0 | AL40: 460752249635 | AM40: 동의 | AN40: 0.09 | AO40: 2438 | AP40: 0 | AQ40: 0 | AR40: 0 | AS40: 30830 | AT40: 27240 | AU40: 3590 | AV40: 0 | AW40: 2000 | AX40: 0 | AY40: 0 | AZ40: 0 | BA40: 0 | BB40: 0 | BC40: 2140 | BD40: 0 | BE40: 0 | BF40: 0 | BG40: 0 | BH40: 0
A41: =I41 -> 45966 | B41: 40 | C41: 20251105010285964 | D41: 1 | E41: 2649056274 | F41: 구매확정 | G41: name-3339452678 | H41: ljj*** | I41: 45966 | J41: 45966 | K41: 45967 | L41: 45967 | M41: 45967 | N41: 45971 | O41: 6546161396 | P41: 머레이 휴대용 미니 전기면도기 SV-2 학교 여행 회사 출장용 면도기 | Q41: 색상:글리터 그린-1개 | R41: 1 | S41: 13764 | T41: 18000 | U41: 0 | V41: 4236 | W41: 13764 | X41: 18000 | Y41: 0 | Z41: 0 | AA41: 0 | AB41: 0 | AC41: 0 | AD41: 0 | AE41: 0 | AF41: 0 | AG41: 0 | AH41: 0 | AI41: 0 | AJ41: 0 | AK41: 0 | AL41: 460757489850 | AM41: 동의 | AN41: 0.11 | AO41: 1124 | AP41: 0 | AQ41: 0 | AR41: 0 | AS41: 2780 | AT41: 1710 | AU41: 1070 | AV41: 0 | AW41: 0 | AX41: 0 | AY41: 0 | AZ41: 0 | BA41: 0 | BB41: 0 | BC41: 332 | BD41: 0 | BE41: 0 | BF41: 0 | BG41: 0 | BH41: 0
A42: =I42 -> 45966 | B42: 41 | C42: 20251105010305467 | D42: 1 | E42: 2649070793 | F42: 구매확정 | G42: 신새롬 | H42: syh**** | I42: 45966 | J42: 45966 | K42: 45967 | L42: 45975 | M42: 45975 | N42: 45979 | O42: 7175614365 | P42: 머레이 2세대 볼펜형 코털/잔털정리기 GR-PEN 트리머기기 코털제거기 눈썹정리 | Q42: 1개 | R42: 1 | S42: 11602 | T42: 15000 | U42: 0 | V42: 3398 | W42: 0 | X42: 15000 | Y42: 0 | Z42: 0 | AA42: 0 | AB42: 0 | AC42: 0 | AD42: 0 | AE42: 0 | AF42: 0 | AG42: 0 | AH42: 0 | AI42: 0 | AJ42: 0 | AK42: 0 | AL42: 460757489861 | AM42: 동의 | AN42: 0.09 | AO42: 870 | AP42: 0 | AQ42: 0 | AR42: 0 | AS42: 1500 | AT42: 900 | AU42: 600 | AV42: 0 | AW42: 0 | AX42: 0 | AY42: 0 | AZ42: 0 | BA42: 0 | BB42: 0 | BC42: 1028 | BD42: 0 | BE42: 0 | BF42: 0 | BG42: 0 | BH42: 0
A43: =I43 -> 45966 | B43: 42 | C43: 20251105010330019 | D43: 1 | E43: 2649094298 | F43: 구매확정 | G43: name-2419070241 | H43: yhs**** | I43: 45966 | J43: 45966 | K43: 45967 | L43: 45975 | M43: 45975 | N43: 45979 | O43: 7175614365 | P43: 머레이 2세대 볼펜형 코털/잔털정리기 GR-PEN 트리머기기 코털제거기 눈썹정리 | Q43: 1개 | R43: 1 | S43: 11783 | T43: 15000 | U43: 0 | V43: 3217 | W43: 0 | X43: 15000 | Y43: 0 | Z43: 0 | AA43: 0 | AB43: 0 | AC43: 0 | AD43: 0 | AE43: 0 | AF43: 0 | AG43: 0 | AH43: 0 | AI43: 0 | AJ43: 0 | AK43: 0 | AL43: 460757489872 | AM43: 동의 | AN43: 0.09 | AO43: 870 | AP43: 0 | AQ43: 0 | AR43: 0 | AS43: 1500 | AT43: 900 | AU43: 600 | AV43: 0 | AW43: 0 | AX43: 0 | AY43: 0 | AZ43: 0 | BA43: 0 | BB43: 0 | BC43: 847 | BD43: 0 | BE43: 0 | BF43: 0 | BG43: 0 | BH43: 0
A44: =I44 -> 45966 | B44: 43 | C44: 20251105010331354 | D44: 1 | E44: 2649095470 | F44: 구매확정 | G44: name-4033053505 | H44: kai**** | I44: 45966 | J44: 45966 | K44: 45967 | L44: 45975 | M44: 45975 | N44: 45979 | O44: 5370879772 | P44: 원쁠원 머레이 4IN1 미니스탠드 스마트기기 무선충전기 F5 (+25W 고속충전어댑터 세트) 애플워치 갤럭시워치 에어팟 버즈 호환 갤럭시S25 충전기 | Q44: 호환모델/색상:삼성전용/블랙,초고속충전어댑터 색상:블랙-1개 | R44: 1 | S44: 24356 | T44: 33000 | U44: 0 | V44: 8644 | W44: 0 | X44: 33000 | Y44: 0 | Z44: 0 | AA44: 0 | AB44: 0 | AC44: 0 | AD44: 0 | AE44: 0 | AF44: 0 | AG44: 0 | AH44: 0 | AI44: 0 | AJ44: 0 | AK44: 0 | AL44: 460757489883 | AM44: 동의 | AN44: 0.09 | AO44: 1394 | AP44: 0 | AQ44: 0 | AR44: 0 | AS44: 7030 | AT44: 5060 | AU44: 1970 | AV44: 0 | AW44: 0 | AX44: 0 | AY44: 0 | AZ44: 0 | BA44: 0 | BB44: 0 | BC44: 220 | BD44: 0 | BE44: 0 | BF44: 0 | BG44: 0 | BH44: 0
A45: =I45 -> 45966 | B45: 44 | C45: 20251105010454202 | D45: 1 | E45: 2649202103 | F45: 구매확정 | G45: name-3853291241 | H45: agn**** | I45: 45966 | J45: 45967 | K45: 45968 | L45: 45976 | M45: 45976 | N45: 45979 | O45: 5466907344 | P45: 머레이 필수템 레인보우LED 블루투스 스피커 노래방기기 듀얼마이크 수업용 가정용 스피커 (가족/학교/여행/MT/야유회/학예회/캠핑 핫템) +LED미러볼 세트 | Q45: 색상 선택:블랙-1개 | R45: 1 | S45: 55898 | T45: 70000 | U45: 0 | V45: 14102 | W45: 55898 | X45: 70000 | Y45: 0 | Z45: 0 | AA45: 0 | AB45: 0 | AC45: 0 | AD45: 0 | AE45: 0 | AF45: 0 | AG45: 0 | AH45: 0 | AI45: 0 | AJ45: 0 | AK45: 0 | AL45: 460762812532 | AM45: 동의 | AN45: 0.09 | AO45: 4092 | AP45: 0 | AQ45: 0 | AR45: 0 | AS45: 9900 | AT45: 7140 | AU45: 2760 | AV45: 0 | AW45: 0 | AX45: 0 | AY45: 0 | AZ45: 0 | BA45: 0 | BB45: 0 | BC45: 110 | BD45: 0 | BE45: 0 | BF45: 0 | BG45: 0 | BH45: 0
A46: =I46 -> 45966 | B46: 45 | C46: 20251105010539035 | D46: 1 | E46: 2649266997 | F46: 구매확정 | G46: 정슬기 | H46: oxy****** | I46: 45966 | J46: 45967 | K46: 45968 | L46: 45976 | M46: 45976 | N46: 45979 | O46: 3967025462 | P46: 머레이 무선 블루투스 인체공학 버티컬 마우스 BM-550 | Q46: 1개 | R46: 1 | S46: 28780 | T46: 39900 | U46: 0 | V46: 11120 | W46: 0 | X46: 39900 | Y46: 0 | Z46: 0 | AA46: 0 | AB46: 0 | AC46: 0 | AD46: 0 | AE46: 0 | AF46: 0 | AG46: 0 | AH46: 0 | AI46: 0 | AJ46: 0 | AK46: 0 | AL46: 460762812543 | AM46: 동의 | AN46: 0.09 | AO46: 719 | AP46: 0 | AQ46: 0 | AR46: 0 | AS46: 7990 | AT46: 4400 | AU46: 3590 | AV46: 0 | AW46: 0 | AX46: 0 | AY46: 0 | AZ46: 0 | BA46: 0 | BB46: 0 | BC46: 2411 | BD46: 0 | BE46: 0 | BF46: 0 | BG46: 0 | BH46: 0
A47: =I47 -> 45967 | B47: 46 | C47: 20251106010652569 | D47: 1 | E47: 2649348420 | F47: 구매확정 | G47: name-3801936706 | H47: egl***** | I47: 45967 | J47: 45967 | K47: 45968 | L47: 45968 | M47: 45968 | N47: 45972 | O47: 5924859476 | P47: 머레이 LED알람시계 4in1 맥세이프 고속무선충전기 갤럭시워치 올인원충전기+맥세이프링 세트 | Q47: 색상:시크 블랙-1개 | R47: 1 | S47: 25354 | T47: 32000 | U47: 0 | V47: 6646 | W47: 0 | X47: 32000 | Y47: 0 | Z47: 0 | AA47: 0 | AB47: 0 | AC47: 0 | AD47: 0 | AE47: 0 | AF47: 0 | AG47: 0 | AH47: 0 | AI47: 0 | AJ47: 0 | AK47: 0 | AL47: 460762812565 | AM47: 동의 | AN47: 0.09 | AO47: 0 | AP47: 0 | AQ47: 0 | AR47: 0 | AS47: 6426 | AT47: 2970 | AU47: 3456 | AV47: 454 | AW47: 0 | AX47: 0 | AY47: 0 | AZ47: 0 | BA47: 0 | BB47: 0 | BC47: 220 | BD47: 0 | BE47: 0 | BF47: 0 | BG47: 0 | BH47: 0
A48: =I48 -> 45967 | B48: 47 | C48: 20251106010653775 | D48: 1 | E48: 2649349323 | F48: 구매확정 | G48: name-117823074 | H48: sdj**** | I48: 45967 | J48: 45967 | K48: 45968 | L48: 45976 | M48: 45976 | N48: 45979 | O48: 2786546082 | P48: 머레이 자동차 HUD 속도계 M-8 차량용 유리창 속도계 헤드업디스플레이 | Q48: 1개 | R48: 1 | S48: 21092 | T48: 29500 | U48: 0 | V48: 8408 | W48: 21092 | X48: 29500 | Y48: 0 | Z48: 0 | AA48: 0 | AB48: 0 | AC48: 0 | AD48: 0 | AE48: 0 | AF48: 0 | AG48: 0 | AH48: 0 | AI48: 0 | AJ48: 0 | AK48: 0 | AL48: 460762812576 | AM48: 동의 | AN48: 0.09 | AO48: 6 | AP48: 0 | AQ48: 0 | AR48: 0 | AS48: 6950 | AT48: 3770 | AU48: 3180 | AV48: 0 | AW48: 0 | AX48: 0 | AY48: 0 | AZ48: 0 | BA48: 0 | BB48: 0 | BC48: 1452 | BD48: 0 | BE48: 0 | BF48: 0 | BG48: 0 | BH48: 0
A49: =I49 -> 45967 | B49: 48 | C49: 20251106010955933 | D49: 2 | E49: 2649608345 | F49: 구매확정 | G49: 한누리 | H49: lun******* | I49: 45967 | J49: 45968 | K49: 45969 | L49: 45971 | M49: 45971 | N49: 45973 | O49: 6031873213 | P49: MURRAY 스마트 미니 차량용 공기청정기 PQ-200 흡연자 필수템 | Q49: 모델명/품번:로즈 골드-1개 | R49: 1 | S49: 21469 | T49: 30000 | U49: 0 | V49: 8531 | W49: 0 | X49: 30000 | Y49: 0 | Z49: 0 | AA49: 0 | AB49: 0 | AC49: 0 | AD49: 0 | AE49: 0 | AF49: 0 | AG49: 0 | AH49: 0 | AI49: 0 | AJ49: 0 | AK49: 0 | AL49: 460772357651 | AM49: 동의 | AN49: 0.13 | AO49: 2948 | AP49: 0 | AQ49: 0 | AR49: 0 | AS49: 5090 | AT49: 3900 | AU49: 1190 | AV49: 0 | AW49: 0 | AX49: 0 | AY49: 0 | AZ49: 0 | BA49: 0 | BB49: 0 | BC49: 493 | BD49: 0 | BE49: 0 | BF49: 0 | BG49: 0 | BH49: 0
... A62: =I62 -> 45970 | B62: 61 | C62: 20251109012137184 | D62: 1 | E62: 2650458895 | F62: 구매확정 | G62: name-1797936151 | H62: dra***** | I62: 45970 | J62: 45971 | K62: 45972 | L62: 45972 | M62: 45972 | N62: 45974 | O62: 7996735307 | P62: 머레이 2세대 강력 코털/잔털정리기 ZP-10 트리머기기 생활방수 코털제거기 눈썹정리 | Q62: 색상:블랙-1개 | R62: 1 | S62: 11333 | T62: 15000 | U62: 0 | V62: 3667 | W62: 11333 | X62: 15000 | Y62: 0 | Z62: 0 | AA62: 0 | AB62: 0 | AC62: 0 | AD62: 0 | AE62: 0 | AF62: 0 | AG62: 0 | AH62: 0 | AI62: 0 | AJ62: 0 | AK62: 0 | AL62: 460786489391 | AM62: 동의 | AN62: 0.09 | AO62: 870 | AP62: 0 | AQ62: 0 | AR62: 0 | AS62: 1500 | AT62: 900 | AU62: 600 | AV62: 0 | AW62: 0 | AX62: 0 | AY62: 0 | AZ62: 0 | BA62: 0 | BB62: 0 | BC62: 1297 | BD62: 0 | BE62: 0 | BF62: 0 | BG62: 0 | BH62: 0
A63: =I63 -> 45971 | B63: 62 | C63: 2.025111e+16 | D63: 1 | E63: 2650720740 | F63: 구매확정 | G63: 오찬빛 | H63: ko4***** | I63: 45971 | J63: 45971 | K63: 45972 | L63: 45980 | M63: 45980 | N63: 45982 | O63: 4232346825 | P63: 머레이 사이드 스트링 자전거 가방 MK-039BK | Q63: 1개 | R63: 1 | S63: 15649 | T63: 19900 | U63: 0 | V63: 4251 | W63: 0 | X63: 19900 | Y63: 0 | Z63: 0 | AA63: 0 | AB63: 0 | AC63: 0 | AD63: 0 | AE63: 0 | AF63: 0 | AG63: 0 | AH63: 0 | AI63: 0 | AJ63: 0 | AK63: 0 | AL63: 460786489402 | AM63: 동의 | AN63: 0.13 | AO63: 1955 | AP63: 0 | AQ63: 0 | AR63: 0 | AS63: 1990 | AT63: 1200 | AU63: 790 | AV63: 0 | AW63: 0 | AX63: 0 | AY63: 0 | AZ63: 0 | BA63: 0 | BB63: 0 | BC63: 306 | BD63: 0 | BE63: 0 | BF63: 0 | BG63: 0 | BH63: 0
A64: =I64 -> 45971 | B64: 63 | C64: 20251110012517213 | D64: 1 | E64: 2650724039 | F64: 구매확정 | G64: 최새롬 | H64: pes***************** | I64: 45971 | J64: 45971 | K64: 45972 | L64: 45973 | M64: 45973 | N64: 45975 | O64: 6546161396 | P64: 머레이 휴대용 미니 전기면도기 SV-2 학교 여행 회사 출장용 면도기 | Q64: 색상:글리터 그린-1개 | R64: 1 | S64: 12937 | T64: 18000 | U64: 0 | V64: 5063 | W64: 12937 | X64: 18000 | Y64: 0 | Z64: 0 | AA64: 0 | AB64: 0 | AC64: 0 | AD64: 0 | AE64: 0 | AF64: 0 | AG64: 0 | AH64: 0 | AI64: 0 | AJ64: 0 | AK64: 0 | AL64: 460786489413 | AM64: 동의 | AN64: 0.11 | AO64: 1124 | AP64: 0 | AQ64: 0 | AR64: 0 | AS64: 2780 | AT64: 1710 | AU64: 1070 | AV64: 0 | AW64: 0 | AX64: 0 | AY64: 0 | AZ64: 0 | BA64: 0 | BB64: 0 | BC64: 1159 | BD64: 0 | BE64: 0 | BF64: 0 | BG64: 0 | BH64: 0
A65: =I65 -> 45971 | B65: 64 | C65: 20251110012594932 | D65: 1 | E65: 2650812329 | F65: 구매확정 | G65: 강온새 | H65: min****** | I65: 45971 | J65: 45971 | K65: 45972 | L65: 45972 | M65: 45972 | N65: 45974 | O65: 5953372210 | P65: 머레이 감성 인테리어 3in1 고속 무선충전기 무드등 갤럭시워치 애플워치 버즈 에어팟 완벽호환 갤럭시S25 충전기 | Q65: 호환모델/색상:삼성전용/화이트-1개 | R65: 1 | S65: 22353 | T65: 30000 | U65: 0 | V65: 7647 | W65: 0 | X65: 30000 | Y65: 0 | Z65: 0 | AA65: 0 | AB65: 0 | AC65: 0 | AD65: 0 | AE65: 0 | AF65: 0 | AG65: 0 | AH65: 0 | AI65: 0 | AJ65: 0 | AK65: 0 | AL65: 460796407536 | AM65: 동의 | AN65: 0.09 | AO65: 0 | AP65: 0 | AQ65: 0 | AR65: 0 | AS65: 6030 | AT65: 2790 | AU65: 3240 | AV65: 550 | AW65: 0 | AX65: 0 | AY65: 0 | AZ65: 0 | BA65: 0 | BB65: 0 | BC65: 1617 | BD65: 0 | BE65: 0 | BF65: 0 | BG65: 0 | BH65: 0
A66: =I66 -> 45971 | B66: 65 | C66: 20251110012683804 | D66: 2 | E66: 2650903253 | F66: 구매확정 | G66: name-1061146359 | H66: tjd****** | I66: 45971 | J66: 45971 | K66: 45973 | L66: 45981 | M66: 45981 | N66: 45985 | O66: 6342749718 | P66: 머레이 스톤 손난로 보조배터리 10,000mAh 대용량배터리 / KC안전인증 / 3단온도조절 / 양면 급속발열 / LED액정 잔량표시 / 수족냉증 | Q66: 색상:매트 블랙-1개 | R66: 1 | S66: 21922 | T66: 59000 | U66: 0 | V66: 37078 | W66: 21922 | X66: 59000 | Y66: 0 | Z66: 0 | AA66: 0 | AB66: 0 | AC66: 0 | AD66: 0 | AE66: 0 | AF66: 0 | AG66: 0 | AH66: 0 | AI66: 0 | AJ66: 0 | AK66: 0 | AL66: 460797828396 | AM66: 동의 | AN66: 0.09 | AO66: 3638 | AP66: 0 | AQ66: 0 | AR66: 0 | AS66: 31330 | AT66: 29240 | AU66: 2090 | AV66: 0 | AW66: 2000 | AX66: 0 | AY66: 0 | AZ66: 0 | BA66: 0 | BB66: 0 | BC66: 110 | BD66: 0 | BE66: 0 | BF66: 0 | BG66: 0 | BH66: 0
A67: =I67 -> 45971 | B67: 66 | C67: 20251110012683804 | D67: 3 | E67: 2650903253 | F67: 구매확정 | G67: name-1061146359 | H67: tjd****** | I67: 45971 | J67: 45971 | K67: 45973 | L67: 45981 | M67: 45981 | N67: 45985 | O67: 6342749718 | P67: 머레이 스톤 손난로 보조배터리 10,000mAh 대용량배터리 / KC안전인증 / 3단온도조절 / 양면 급속발열 / LED액정 잔량표시 / 수족냉증 | Q67: 색상:매트 그린-1개 | R67: 1 | S67: 21922 | T67: 59000 | U67: 0 | V67: 37078 | W67: 21922 | X67: 59000 | Y67: 0 | Z67: 0 | AA67: 0 | AB67: 0 | AC67: 0 | AD67: 0 | AE67: 0 | AF67: 0 | AG67: 0 | AH67: 0 | AI67: 0 | AJ67: 0 | AK67: 0 | AL67: 460797828396 | AM67: 동의 | AN67: 0.09 | AO67: 3638 | AP67: 0 | AQ67: 0 | AR67: 0 | AS67: 31330 | AT67: 29240 | AU67: 2090 | AV67: 0 | AW67: 2000 | AX67: 0 | AY67: 0 | AZ67: 0 | BA67: 0 | BB67: 0 | BC67: 110 | BD67: 0 | BE67: 0 | BF67: 0 | BG67: 0 | BH67: 0
A68: =I68 -> 45971 | B68: 67 | C68: 20251110012683804 | D68: 1 | E68: 2650903253 | F68: 구매확정 | G68: name-1061146359 | H68: tjd****** | I68: 45971 | J68: 45971 | K68: 45973 | L68: 45981 | M68: 45981 | N68: 45985 | O68: 6342749718 | P68: 머레이 스톤 손난로 보조배터리 10,000mAh 대용량배터리 / KC안전인증 / 3단온도조절 / 양면 급속발열 / LED액정 잔량표시 / 수족냉증 | Q68: 색상:매트 핑크-1개 | R68: 1 | S68: 21922 | T68: 59000 | U68: 0 | V68: 37078 | W68: 21922 | X68: 59000 | Y68: 0 | Z68: 0 | AA68: 0 | AB68: 0 | AC68: 0 | AD68: 0 | AE68: 0 | AF68: 0 | AG68: 0 | AH68: 0 | AI68: 0 | AJ68: 0 | AK68: 0 | AL68: 460797828396 | AM68: 동의 | AN68: 0.09 | AO68: 3638 | AP68: 0 | AQ68: 0 | AR68: 0 | AS68: 31330 | AT68: 29240 | AU68: 2090 | AV68: 0 | AW68: 2000 | AX68: 0 | AY68: 0 | AZ68: 0 | BA68: 0 | BB68: 0 | BC68: 110 | BD68: 0 | BE68: 0 | BF68: 0 | BG68: 0 | BH68: 0
A69: =I69 -> 45971 | B69: 68 | C69: 20251110012687822 | D69: 1 | E69: 2650906688 | F69: 구매확정 | G69: 강누리 | H69: bpa***** | I69: 45971 | J69: 45971 | K69: 45972 | L69: 45980 | M69: 45980 | N69: 45982 | O69: 6363337566 | P69: 머레이 절전형 발열 파티션 워머 LY-PH4 사무실 책상 발난로 히팅패드 전기히터온풍기 전기담요 | Q69: 1개 | R69: 1 | S69: 35553 | T69: 48000 | U69: 0 | V69: 12447 | W69: 0 | X69: 48000 | Y69: 0 | Z69: 0 | AA69: 0 | AB69: 0 | AC69: 0 | AD69: 0 | AE69: 0 | AF69: 0 | AG69: 0 | AH69: 0 | AI69: 0 | AJ69: 0 | AK69: 0 | AL69: 460797828422 | AM69: 동의 | AN69: 0.09 | AO69: 1192 | AP69: 0 | AQ69: 0 | AR69: 0 | AS69: 8890 | AT69: 4980 | AU69: 3910 | AV69: 0 | AW69: 0 | AX69: 0 | AY69: 0 | AZ69: 0 | BA69: 0 | BB69: 0 | BC69: 2365 | BD69: 0 | BE69: 0 | BF69: 0 | BG69: 0 | BH69: 0
A70: =I70 -> 45971 | B70: 69 | C70: 20251110012691158 | D70: 1 | E70: 2650909903 | F70: 구매확정 | G70: name-135974134 | H70: lio***** | I70: 45971 | J70: 45971 | K70: 45972 | L70: 45980 | M70: 45980 | N70: 45982 | O70: 6342749718 | P70: 머레이 스톤 손난로 보조배터리 10,000mAh 대용량배터리 / KC안전인증 / 3단온도조절 / 양면 급속발열 / LED액정 잔량표시 / 수족냉증 | Q70: 색상:매트 블랙-2개 | R70: 2 | S70: 43182 | T70: 118000 | U70: 0 | V70: 74818 | W70: 43182 | X70: 118000 | Y70: 0 | Z70: 0 | AA70: 0 | AB70: 0 | AC70: 0 | AD70: 0 | AE70: 0 | AF70: 0 | AG70: 0 | AH70: 0 | AI70: 0 | AJ70: 0 | AK70: 0 | AL70: 460797828433 | AM70: 동의 | AN70: 0.09 | AO70: 4876 | AP70: 0 | AQ70: 0 | AR70: 0 | AS70: 61660 | AT70: 54480 | AU70: 7180 | AV70: 0 | AW70: 4000 | AX70: 0 | AY70: 0 | AZ70: 0 | BA70: 0 | BB70: 0 | BC70: 4282 | BD70: 0 | BE70: 0 | BF70: 0 | BG70: 0 | BH70: 0
A71: =I71 -> 45971 | B71: 70 | C71: 20251110012751746 | D71: 1 | E71: 2650961065 | F71: 구매확정 | G71: 김이든 | H71: ade****** | I71: 45971 | J71: 45972 | K71: 45973 | L71: 45981 | M71: 45981 | N71: 45985 | O71: 6342749718 | P71: 머레이 스톤 손난로 보조배터리 10,000mAh 대용량배터리 / KC안전인증 / 3단온도조절 / 양면 급속발열 / LED액정 잔량표시 / 수족냉증 | Q71: 색상:매트 블랙-2개 | R71: 2 | S71: 43588 | T71: 118000 | U71: 0 | V71: 74412 | W71: 43588 | X71: 118000 | Y71: 0 | Z71: 0 | AA71: 0 | AB71: 0 | AC71: 0 | AD71: 0 | AE71: 0 | AF71: 0 | AG71: 0 | AH71: 0 | AI71: 0 | AJ71: 0 | AK71: 0 | AL71: 460803810563 | AM71: 동의 | AN71: 0.09 | AO71: 3276 | AP71: 0 | AQ71: 0 | AR71: 0 | AS71: 63660 | AT71: 54480 | AU71: 9180 | AV71: 0 | AW71: 4000 | AX71: 0 | AY71: 0 | AZ71: 0 | BA71: 0 | BB71: 0 | BC71: 3476 | BD71: 0 | BE71: 0 | BF71: 0 | BG71: 0 | BH71: 0
A72: =I72 -> 45971 | B72: 71 | C72: 2.025111e+16 | D72: 1 | E72: 2651028325 | F72: 구매확정 | G72: name-2715467667 | H72: ryu**** | I72: 45971 | J72: 45972 | K72: 45973 | L72: 45978 | M72: 45978 | N72: 45980 | O72: 7297726710 | P72: 머레이 일체형 도킹형 고속 10W 대용량 보조배터리 5000mAh KC안전인증 갤럭시 아이폰 C타입 라이트닝젠더 | Q72: 색상:베이비 핑크,충전단자(스트랩C타입 동일):본체8Pin(아이폰용)-1개 | R72: 0 | S72: 3385 | T72: 3500 | U72: 0 | V72: 115 | W72: 0 | X72: 0 | Y72: 0 | Z72: 3500 | AA72: 0 | AB72: 0 | AC72: 0 | AD72: 0 | AE72: 0 | AF72: 0 | AG72: 0 | AH72: 0 | AI72: 0 | AJ72: 0 | AK72: 0 | AL72: 460803810574 | AM72: 동의 | AN72: 0 | AO72: 0 | AP72: 0 | AQ72: 115 | AR72: 0 | AS72: 0 | AT72: 0 | AU72: 0 | AV72: 0 | AW72: 0 | AX72: 0 | AY72: 0 | AZ72: 0 | BA72: 0 | BB72: 0 | BC72: 0 | BD72: 0 | BE72: 0 | BF72: 0 | BG72: 0 | BH72: 0
A73: =I73 -> 45971 | B73: 72 | C73: 2.025111e+16 | D73: 1 | E73: 2651028325 | F73: 구매확정 | G73: name-2715467667 | H73: ryu**** | I73: 45971 | J73: 45972 | K73: 45973 | L73: 45978 | M73: 45978 | N73: 45980 | O73: 7297726710 | P73: 머레이 일체형 도킹형 고속 10W 대용량 보조배터리 5000mAh KC안전인증 갤럭시 아이폰 C타입 라이트닝젠더 | Q73: 색상:베이비 핑크,충전단자(스트랩C타입 동일):본체8Pin(아이폰용)-1개 | R73: 1 | S73: 8803 | T73: 19900 | U73: 0 | V73: 11097 | W73: 12188 | X73: 19900 | Y73: 0 | Z73: 0 | AA73: 0 | AB73: 0 | AC73: 0 | AD73: 0 | AE73: 0 | AF73: 0 | AG73: 0 | AH73: 0 | AI73: 0 | AJ73: 0 | AK73: 0 | AL73: 460803810574 | AM73: 동의 | AN73: 0.09 | AO73: 1183 | AP73: 0 | AQ73: 0 | AR73: 0 | AS73: 9100 | AT73: 8340 | AU73: 760 | AV73: 0 | AW73: 0 | AX73: 0 | AY73: 0 | AZ73: 0 | BA73: 0 | BB73: 0 | BC73: 814 | BD73: 0 | BE73: 0 | BF73: 0 | BG73: 0 | BH73: 0
A74: =I74 -> 45971 | B74: 73 | C74: 2.025111e+16 | D74: 2 | E74: 2651028325 | F74: 구매확정 | G74: name-2715467667 | H74: ryu**** | I74: 45971 | J74: 45972 | K74: 45973 | L74: 45978 | M74: 45978 | N74: 45980 | O74: 7615270742 | P74: 퍼플/8핀 | Q74: 1개 | R74: 1 | S74: 8099 | T74: 8900 | U74: 0 | V74: 801 | W74: 8099 | X74: 8900 | Y74: 0 | Z74: 0 | AA74: 0 | AB74: 0 | AC74: 0 | AD74: 0 | AE74: 0 | AF74: 0 | AG74: 0 | AH74: 0 | AI74: 0 | AJ74: 0 | AK74: 0 | AL74: 460803810574 | AM74: 동의 | AN74: 0.09 | AO74: 801 | AP74: 0 | AQ74: 0 | AR74: 0 | AS74: 0 | AT74: 0 | AU74: 0 | AV74: 0 | AW74: 0 | AX74: 0 | AY74: 0 | AZ74: 0 | BA74: 0 | BB74: 0 | BC74: 0 | BD74: 0 | BE74: 0 | BF74: 0 | BG74: 0 | BH74: 0
A75: =I75 -> 45972 | B75: 74 | C75: 20251111013029727 | D75: 1 | E75: 2651172560 | F75: 구매확정 | G75: 이이든 | H75: mar****** | I75: 45972 | J75: 45972 | K75: 45973 | L75: 45973 | M75: 45973 | N75: 45975 | O75: 8218763311 | P75: 머레이 3in1 맥세이프 보조배터리 애플워치 충전독 일체형 10000mAh 대용량 스마트폰 거치대 | Q75: 색상:퍼플-1개 | R75: 1 | S75: 20948 | T75: 29000 | U75: 0 | V75: 8052 | W75: 20948 | X75: 29000 | Y75: 0 | Z75: 0 | AA75: 0 | AB75: 0 | AC75: 0 | AD75: 0 | AE75: 0 | AF75: 0 | AG75: 0 | AH75: 0 | AI75: 0 | AJ75: 0 | AK75: 0 | AL75: 460803810596 | AM75: 동의 | AN75: 0.09 | AO75: 0 | AP75: 0 | AQ75: 0 | AR75: 0 | AS75: 7832 | AT75: 4700 | AU75: 3132 | AV75: 598 | AW75: 0 | AX75: 0 | AY75: 0 | AZ75: 0 | BA75: 0 | BB75: 0 | BC75: 220 | BD75: 0 | BE75: 0 | BF75: 0 | BG75: 0 | BH75: 0
A76: =I76 -> 45972 | B76: 75 | C76: 20251111013162341 | D76: 1 | E76: 2651253458 | F76: 구매확정 | G76: 정라온 | H76: klp**** | I76: 45972 | J76: 45972 | K76: 45973 | L76: 45981 | M76: 45981 | N76: 45985 | O76: 6342749718 | P76: 머레이 스톤 손난로 보조배터리 10,000mAh 대용량배터리 / KC안전인증 / 3단온도조절 / 양면 급속발열 / LED액정 잔량표시 / 수족냉증 | Q76: 색상:매트 블랙-1개 | R76: 1 | S76: 25522 | T76: 59000 | U76: 0 | V76: 33478 | W76: 25522 | X76: 59000 | Y76: 0 | Z76: 0 | AA76: 0 | AB76: 0 | AC76: 0 | AD76: 0 | AE76: 0 | AF76: 0 | AG76: 0 | AH76: 0 | AI76: 0 | AJ76: 0 | AK76: 0 | AL76: 460803810600 | AM76: 동의 | AN76: 0.09 | AO76: 2038 | AP76: 0 | AQ76: 0 | AR76: 0 | AS76: 31330 | AT76: 27240 | AU76: 4090 | AV76: 0 | AW76: 0 | AX76: 0 | AY76: 0 | AZ76: 0 | BA76: 0 | BB76: 0 | BC76: 110 | BD76: 0 | BE76: 0 | BF76: 0 | BG76: 0 | BH76: 0
A77: =I77 -> 45972 | B77: 76 | C77: 20251111013186442 | D77: 1 | E77: 2651268337 | F77: 구매확정 | G77: name-3321742555 | H77: jbc*** | I77: 45972 | J77: 45972 | K77: 45973 | L77: 45981 | M77: 45981 | N77: 45985 | O77: 6546161396 | P77: 머레이 휴대용 미니 전기면도기 SV-2 학교 여행 회사 출장용 면도기 | Q77: 색상:글리터 그린-1개 | R77: 1 | S77: 13764 | T77: 18000 | U77: 0 | V77: 4236 | W77: 13764 | X77: 18000 | Y77: 0 | Z77: 0 | AA77: 0 | AB77: 0 | AC77: 0 | AD77: 0 | AE77: 0 | AF77: 0 | AG77: 0 | AH77: 0 | AI77: 0 | AJ77: 0 | AK77: 0 | AL77: 460803810611 | AM77: 동의 | AN77: 0.11 | AO77: 1124 | AP77: 0 | AQ77: 0 | AR77: 0 | AS77: 2780 | AT77: 1710 | AU77: 1070 | AV77: 0 | AW77: 0 | AX77: 0 | AY77: 0 | AZ77: 0 | BA77: 0 | BB77: 0 | BC77: 332 | BD77: 0 | BE77: 0 | BF77: 0 | BG77: 0 | BH77: 0
A78: =I78 -> 45972 | B78: 77 | C78: 20251111013269598 | D78: 1 | E78: 2651334256 | F78: 구매확정 | G78: name-1085928760 | H78: dyd******* | I78: 45972 | J78: 45972 | K78: 45973 | L78: 45981 | M78: 45981 | N78: 45985 | O78: 7996735307 | P78: 머레이 2세대 강력 코털/잔털정리기 ZP-10 트리머기기 생활방수 코털제거기 눈썹정리 | Q78: 색상:블랙-1개 | R78: 1 | S78: 12062 | T78: 15000 | U78: 0 | V78: 2938 | W78: 12062 | X78: 15000 | Y78: 0 | Z78: 0 | AA78: 0 | AB78: 0 | AC78: 0 | AD78: 0 | AE78: 0 | AF78: 0 | AG78: 0 | AH78: 0 | AI78: 0 | AJ78: 0 | AK78: 0 | AL78: 460803810622 | AM78: 동의 | AN78: 0.09 | AO78: 870 | AP78: 0 | AQ78: 0 | AR78: 0 | AS78: 1500 | AT78: 900 | AU78: 600 | AV78: 0 | AW78: 0 | AX78: 0 | AY78: 0 | AZ78: 0 | BA78: 0 | BB78: 0 | BC78: 568 | BD78: 0 | BE78: 0 | BF78: 0 | BG78: 0 | BH78: 0
A79: =I79 -> 45972 | B79: 78 | C79: 20251111013323838 | D79: 1 | E79: 2651374210 | F79: 구매확정 | G79: name-3341429195 | H79: jul****** | I79: 45972 | J79: 45972 | K79: 45973 | L79: 45981 | M79: 45981 | N79: 45985 | O79: 6023557551 | P79: 머레이 25W PD3.0 PPS 초고속 충전기 어댑터 + C타입 케이블 세트 | Q79: 색상:블랙+블랙 2세트-1개 (+6500원) | R79: 1 | S79: 13134 | T79: 17500 | U79: 0 | V79: 4366 | W79: 13134 | X79: 11000 | Y79: 6500 | Z79: 0 | AA79: 0 | AB79: 0 | AC79: 0 | AD79: 0 | AE79: 0 | AF79: 0 | AG79: 0 | AH79: 0 | AI79: 0 | AJ79: 0 | AK79: 0 | AL79: 460807541795 | AM79: 동의 | AN79: 0.09 | AO79: 743 | AP79: 0 | AQ79: 0 | AR79: 0 | AS79: 2710 | AT79: 1670 | AU79: 1040 | AV79: 0 | AW79: 0 | AX79: 0 | AY79: 0 | AZ79: 0 | BA79: 0 | BB79: 0 | BC79: 913 | BD79: 0 | BE79: 0 | BF79: 0 | BG79: 0 | BH79: 0
A80: =I80 -> 45972 | B80: 79 | C80: 20251111013363677 | D80: 2 | E80: 2651413295 | F80: 구매확정 | G80: 신마루 | H80: khs******* | I80: 45972 | J80: 45972 | K80: 45973 | L80: 45981 | M80: 45981 | N80: 45985 | O80: 4968370224 | P80: 차량용 캐릭터 송풍구 방향제 MK-KUKII 프로펠러 디퓨저 | Q80: 디자인:쿠키 도그 그린 (오션향)-1개 | R80: 1 | S80: 15011 | T80: 20000 | U80: 0 | V80: 4989 | W80: 0 | X80: 20000 | Y80: 0 | Z80: 0 | AA80: 0 | AB80: 0 | AC80: 0 | AD80: 0 | AE80: 0 | AF80: 0 | AG80: 0 | AH80: 0 | AI80: 0 | AJ80: 0 | AK80: 0 | AL80: 460807541806 | AM80: 동의 | AN80: 0.13 | AO80: 1968 | AP80: 0 | AQ80: 0 | AR80: 0 | AS80: 2180 | AT80: 1390 | AU80: 790 | AV80: 0 | AW80: 0 | AX80: 0 | AY80: 0 | AZ80: 0 | BA80: 0 | BB80: 0 | BC80: 841 | BD80: 0 | BE80: 0 | BF80: 0 | BG80: 0 | BH80: 0
A81: =I81 -> 45972 | B81: 80 | C81: 20251111013454107 | D81: 1 | E81: 2651490220 | F81: 구매확정 | G81: name-608979841 | H81: na7***** | I81: 45972 | J81: 45972 | K81: 45973 | L81: 45979 | M81: 45979 | N81: 45981 | O81: 6342749718 | P81: 머레이 스톤 손난로 보조배터리 10,000mAh 대용량배터리 / KC안전인증 / 3단온도조절 / 양면 급속발열 / LED액정 잔량표시 / 수족냉증 | Q81: 색상:매트 핑크-1개 | R81: 1 | S81: 21036 | T81: 59000 | U81: 0 | V81: 37964 | W81: 21036 | X81: 59000 | Y81: 0 | Z81: 0 | AA81: 0 | AB81: 0 | AC81: 0 | AD81: 0 | AE81: 0 | AF81: 0 | AG81: 0 | AH81: 0 | AI81: 0 | AJ81: 0 | AK81: 0 | AL81: 460807541810 | AM81: 동의 | AN81: 0.09 | AO81: 1638 | AP81: 0 | AQ81: 0 | AR81: 0 | AS81: 33830 | AT81: 29240 | AU81: 4590 | AV81: 0 | AW81: 2000 | AX81: 0 | AY81: 0 | AZ81: 0 | BA81: 0 | BB81: 0 | BC81: 496 | BD81: 0 | BE81: 0 | BF81: 0 | BG81: 0 | BH81: 0
A82: =I82 -> 45972 | B82: 81 | C82: 20251111013454107 | D82: 2 | E82: 2651490220 | F82: 구매확정 | G82: name-608979841 | H82: na7***** | I82: 45972 | J82: 45972 | K82: 45973 | L82: 45979 | M82: 45979 | N82: 45981 | O82: 6342749718 | P82: 머레이 스톤 손난로 보조배터리 10,000mAh 대용량배터리 / KC안전인증 / 3단온도조절 / 양면 급속발열 / LED액정 잔량표시 / 수족냉증 | Q82: 색상:매트 그린-1개 | R82: 1 | S82: 21036 | T82: 59000 | U82: 0 | V82: 37964 | W82: 21036 | X82: 59000 | Y82: 0 | Z82: 0 | AA82: 0 | AB82: 0 | AC82: 0 | AD82: 0 | AE82: 0 | AF82: 0 | AG82: 0 | AH82: 0 | AI82: 0 | AJ82: 0 | AK82: 0 | AL82: 460807541810 | AM82: 동의 | AN82: 0.09 | AO82: 1638 | AP82: 0 | AQ82: 0 | AR82: 0 | AS82: 33830 | AT82: 29240 | AU82: 4590 | AV82: 0 | AW82: 2000 | AX82: 0 | AY82: 0 | AZ82: 0 | BA82: 0 | BB82: 0 | BC82: 496 | BD82: 0 | BE82: 0 | BF82: 0 | BG82: 0 | BH82: 0
A83: =I83 -> 45972 | B83: 82 | C83: 20251111013568244 | D83: 1 | E83: 2651608511 | F83: 구매확정 | G83: name-1471631420 | H83: noo*** | I83: 45972 | J83: 45973 | K83: 45974 | L83: 45982 | M83: 45982 | N83: 45986 | O83: 6342749718 | P83: 머레이 스톤 손난로 보조배터리 10,000mAh 대용량배터리 / KC안전인증 / 3단온도조절 / 양면 급속발열 / LED액정 잔량표시 / 수족냉증 | Q83: 색상:매트 핑크-1개 | R83: 1 | S83: 23131 | T83: 59000 | U83: 0 | V83: 35869 | W83: 23131 | X83: 59000 | Y83: 0 | Z83: 0 | AA83: 0 | AB83: 0 | AC83: 0 | AD83: 0 | AE83: 0 | AF83: 0 | AG83: 0 | AH83: 0 | AI83: 0 | AJ83: 0 | AK83: 0 | AL83: 460813949470 | AM83: 동의 | AN83: 0.09 | AO83: 2038 | AP83: 0 | AQ83: 0 | AR83: 0 | AS83: 33330 | AT83: 29240 | AU83: 4090 | AV83: 0 | AW83: 0 | AX83: 0 | AY83: 0 | AZ83: 0 | BA83: 0 | BB83: 0 | BC83: 501 | BD83: 0 | BE83: 0 | BF83: 0 | BG83: 0 | BH83: 0
A84: =I84 -> 45972 | B84: 83 | C84: 20251111013687931 | D84: 1 | E84: 2651703932 | F84: 구매확정 | G84: name-1769355075 | H84: god***** | I84: 45972 | J84: 45973 | K84: 45974 | L84: 45974 | M84: 45974 | N84: 45978 | O84: 8718840321 | P84: 한일의료기 안전한 고급 탄소 카본 전기방석 온도조절 방석 극세사 3단 HIM-300T | Q84: 색상:다크그레이-1개 | R84: 1 | S84: 51731 | T84: 65000 | U84: 0 | V84: 13269 | W84: 0 | X84: 65000 | Y84: 0 | Z84: 0 | AA84: 0 | AB84: 0 | AC84: 0 | AD84: 0 | AE84: 0 | AF84: 0 | AG84: 0 | AH84: 0 | AI84: 0 | AJ84: 0 | AK84: 0 | AL84: 540625834064 | AM84: 동의 | AN84: 0.09 | AO84: 2170 | AP84: 0 | AQ84: 0 | AR84: 0 | AS84: 10500 | AT84: 5900 | AU84: 4600 | AV84: 0 | AW84: 0 | AX84: 0 | AY84: 0 | AZ84: 0 | BA84: 0 | BB84: 0 | BC84: 599 | BD84: 0 | BE84: 0 | BF84: 0 | BG84: 0 | BH84: 0
A85: =I85 -> 45972 | B85: 84 | C85: 20251111013761252 | D85: 1 | E85: 2651758420 | F85: 구매확정 | G85: 강새롬 | H85: kog*** | I85: 45972 | J85: 45973 | K85: 45974 | L85: 45980 | M85: 45980 | N85: 45982 | O85: 8713796920 | P85: 한일의료기 전자파없는 탄소 프리미엄 전기매트 전기요 온열매트 HI-2025 | Q85: 사이즈:슈퍼싱글-1개 | R85: 1 | S85: 87054 | T85: 109000 | U85: 0 | V85: 21946 | W85: 0 | X85: 109000 | Y85: 0 | Z85: 0 | AA85: 0 | AB85: 0 | AC85: 0 | AD85: 0 | AE85: 0 | AF85: 0 | AG85: 0 | AH85: 0 | AI85: 0 | AJ85: 0 | AK85: 0 | AL85: 460813949481 | AM85: 동의 | AN85: 0.09 | AO85: 4722 | AP85: 0 | AQ85: 0 | AR85: 0 | AS85: 12900 | AT85: 6540 | AU85: 6360 | AV85: 0 | AW85: 0 | AX85: 0 | AY85: 0 | AZ85: 0 | BA85: 0 | BB85: 0 | BC85: 4324 | BD85: 0 | BE85: 0 | BF85: 0 | BG85: 0 | BH85: 0
A86: =I86 -> 45972 | B86: 85 | C86: 20251111013852821 | D86: 1 | E86: 2651822325 | F86: 구매확정 | G86: 최이든 | H86: zer**** | I86: 45972 | J86: 45973 | K86: 45974 | L86: 45991 | M86: 45991 | N86: 45993 | O86: 7297726710 | P86: 머레이 일체형 도킹형 고속 10W 대용량 보조배터리 5000mAh KC안전인증 갤럭시 아이폰 C타입 라이트닝젠더 | Q86: 색상:베이비 핑크,충전단자(스트랩C타입 동일):본체C타입-2개 | R86: 0 | S86: 3385 | T86: 3500 | U86: 0 | V86: 115 | W86: 0 | X86: 0 | Y86: 0 | Z86: 3500 | AA86: 0 | AB86: 0 | AC86: 0 | AD86: 0 | AE86: 0 | AF86: 0 | AG86: 0 | AH86: 0 | AI86: 0 | AJ86: 0 | AK86: 0 | AL86: 460813949492 | AM86: 동의 | AN86: 0 | AO86: 0 | AP86: 0 | AQ86: 115 | AR86: 0 | AS86: 0 | AT86: 0 | AU86: 0 | AV86: 0 | AW86: 0 | AX86: 0 | AY86: 0 | AZ86: 0 | BA86: 0 | BB86: 0 | BC86: 0 | BD86: 0 | BE86: 0 | BF86: 0 | BG86: 0 | BH86: 0
... A102: =I102 -> 45978 | B102: 101 | C102: 20251117015354822 | D102: 1 | E102: 2653160836 | F102: 구매확정 | G102: name-1848081902 | H102: jmj******* | I102: 45978 | J102: 45978 | K102: 45979 | L102: 45987 | M102: 45987 | N102: 45989 | O102: 6422434702 | P102: 머레이 맥세이프 스마트폰 360도 회전 다용도 거치대 (맥세이프링 포함) 차량용 책상용 사무용 강력거치 | Q102: 수량:단품 구매(1개)-1개 | R102: 1 | S102: 16512 | T102: 19900 | U102: 0 | V102: 3388 | W102: 0 | X102: 19900 | Y102: 0 | Z102: 0 | AA102: 0 | AB102: 0 | AC102: 0 | AD102: 0 | AE102: 0 | AF102: 0 | AG102: 0 | AH102: 0 | AI102: 0 | AJ102: 0 | AK102: 0 | AL102: 460860959440 | AM102: 동의 | AN102: 0.11 | AO102: 2189 | AP102: 0 | AQ102: 0 | AR102: 0 | AS102: 0 | AT102: 0 | AU102: 0 | AV102: 0 | AW102: 0 | AX102: 0 | AY102: 0 | AZ102: 0 | BA102: 0 | BB102: 0 | BC102: 1199 | BD102: 0 | BE102: 0 | BF102: 0 | BG102: 0 | BH102: 0
A103: =I103 -> 45978 | B103: 102 | C103: 2.0251117e+16 | D103: 1 | E103: 2653172485 | F103: 구매확정 | G103: 한바다 | H103: kim***************** | I103: 45978 | J103: 45978 | K103: 45979 | L103: 45987 | M103: 45987 | N103: 45989 | O103: 6031873213 | P103: MURRAY 스마트 미니 차량용 공기청정기 PQ-200 흡연자 필수템 | Q103: 모델명/품번:로즈 골드-1개 | R103: 1 | S103: 23888 | T103: 30000 | U103: 0 | V103: 6112 | W103: 0 | X103: 30000 | Y103: 0 | Z103: 0 | AA103: 0 | AB103: 0 | AC103: 0 | AD103: 0 | AE103: 0 | AF103: 0 | AG103: 0 | AH103: 0 | AI103: 0 | AJ103: 0 | AK103: 0 | AL103: 460860959451 | AM103: 동의 | AN103: 0.13 | AO103: 3892 | AP103: 0 | AQ103: 0 | AR103: 0 | AS103: 2110 | AT103: 2100 | AU103: 10 | AV103: 0 | AW103: 0 | AX103: 0 | AY103: 0 | AZ103: 0 | BA103: 0 | BB103: 0 | BC103: 110 | BD103: 0 | BE103: 0 | BF103: 0 | BG103: 0 | BH103: 0
A104: =I104 -> 45978 | B104: 103 | C104: 20251117015449483 | D104: 1 | E104: 2653261166 | F104: 구매확정 | G104: 이미르 | H104: tmd******* | I104: 45978 | J104: 45979 | K104: 45980 | L104: 45988 | M104: 45988 | N104: 45992 | O104: 6542189471 | P104: 추석선물 인기템 MURRAY 효자손 갈고리형 전신 마사지기 고급마사지건 4종 헤드세트 전신 마사지 해머 어깨 안마 | Q104: 수량:효자손 마사지기 단품-1개 | R104: 1 | S104: 54583 | T104: 64000 | U104: 0 | V104: 9417 | W104: 54583 | X104: 64000 | Y104: 0 | Z104: 0 | AA104: 0 | AB104: 0 | AC104: 0 | AD104: 0 | AE104: 0 | AF104: 0 | AG104: 0 | AH104: 0 | AI104: 0 | AJ104: 0 | AK104: 0 | AL104: 460865251453 | AM104: 동의 | AN104: 0.09 | AO104: 3360 | AP104: 0 | AQ104: 0 | AR104: 0 | AS104: 5100 | AT104: 2100 | AU104: 3000 | AV104: 0 | AW104: 0 | AX104: 0 | AY104: 0 | AZ104: 0 | BA104: 0 | BB104: 0 | BC104: 957 | BD104: 0 | BE104: 0 | BF104: 0 | BG104: 0 | BH104: 0
A105: =I105 -> 45978 | B105: 104 | C105: 20251117015479278 | D105: 1 | E105: 2653283510 | F105: 구매확정 | G105: name-3179458542 | H105: 290**************** | I105: 45978 | J105: 45979 | K105: 45980 | L105: 45988 | M105: 45988 | N105: 45992 | O105: 8627718957 | P105: 머레이 고급형 롱바디 블루투스 맥세이프 셀카봉 170cm 삼각대 | Q105: 1개 | R105: 1 | S105: 27820 | T105: 33000 | U105: 0 | V105: 5180 | W105: 27820 | X105: 33000 | Y105: 0 | Z105: 0 | AA105: 0 | AB105: 0 | AC105: 0 | AD105: 0 | AE105: 0 | AF105: 0 | AG105: 0 | AH105: 0 | AI105: 0 | AJ105: 0 | AK105: 0 | AL105: 460865251464 | AM105: 동의 | AN105: 0.09 | AO105: 2970 | AP105: 0 | AQ105: 0 | AR105: 0 | AS105: 2100 | AT105: 2100 | AU105: 0 | AV105: 0 | AW105: 0 | AX105: 0 | AY105: 0 | AZ105: 0 | BA105: 0 | BB105: 0 | BC105: 110 | BD105: 0 | BE105: 0 | BF105: 0 | BG105: 0 | BH105: 0
A106: =I106 -> 45979 | B106: 105 | C106: 20251118015506803 | D106: 1 | E106: 2653304183 | F106: 구매확정 | G106: 윤찬빛 | H106: jhk**** | I106: 45979 | J106: 45979 | K106: 45980 | L106: 45980 | M106: 45980 | N106: 45982 | O106: 8715578135 | P106: 한일의료기 안전한 고급 탄소 카본 전기매트 온열매트 극세사 싱글 HIM-3000S | Q106: 컬러:다크그레이-1개 | R106: 1 | S106: 91717 | T106: 109000 | U106: 0 | V106: 17283 | W106: 0 | X106: 109000 | Y106: 0 | Z106: 0 | AA106: 0 | AB106: 0 | AC106: 0 | AD106: 0 | AE106: 0 | AF106: 0 | AG106: 0 | AH106: 0 | AI106: 0 | AJ106: 0 | AK106: 0 | AL106: 540632075920 | AM106: 동의 | AN106: 0.09 | AO106: 5450 | AP106: 0 | AQ106: 0 | AR106: 0 | AS106: 7450 | AT106: 2000 | AU106: 5450 | AV106: 0 | AW106: 0 | AX106: 0 | AY106: 0 | AZ106: 0 | BA106: 0 | BB106: 0 | BC106: 4383 | BD106: 0 | BE106: 0 | BF106: 0 | BG106: 0 | BH106: 0
A107: =I107 -> 45979 | B107: 106 | C107: 20251118015517729 | D107: 1 | E107: 2653312460 | F107: 구매확정 | G107: name-3295013986 | H107: rrn**** | I107: 45979 | J107: 45979 | K107: 45980 | L107: 45985 | M107: 45985 | N107: 45987 | O107: 7175614365 | P107: 머레이 2세대 볼펜형 코털/잔털정리기 GR-PEN 트리머기기 코털제거기 눈썹정리 | Q107: 2개 | R107: 2 | S107: 18708 | T107: 30000 | U107: 0 | V107: 11292 | W107: 0 | X107: 30000 | Y107: 0 | Z107: 0 | AA107: 0 | AB107: 0 | AC107: 0 | AD107: 0 | AE107: 0 | AF107: 0 | AG107: 0 | AH107: 0 | AI107: 0 | AJ107: 0 | AK107: 0 | AL107: 460865251475 | AM107: 동의 | AN107: 0.09 | AO107: 2700 | AP107: 0 | AQ107: 0 | AR107: 0 | AS107: 2000 | AT107: 2000 | AU107: 0 | AV107: 0 | AW107: 3000 | AX107: 0 | AY107: 0 | AZ107: 0 | BA107: 0 | BB107: 0 | BC107: 3592 | BD107: 0 | BE107: 0 | BF107: 0 | BG107: 0 | BH107: 0
A108: =I108 -> 45979 | B108: 107 | C108: 20251118015562603 | D108: 1 | E108: 2653336906 | F108: 구매확정 | G108: 신나래 | H108: b06****** | I108: 45979 | J108: 45979 | K108: 45980 | L108: 45988 | M108: 45988 | N108: 45992 | O108: 8718794512 | P108: 한일의료기 안전한 고급 탄소 카본 전기매트 온열매트 극세사 2겹 더블 좌우 분리 개별 난방 HIM-3000D2 | Q108: 컬러:다크그레이-1개 | R108: 1 | S108: 129950 | T108: 145000 | U108: 0 | V108: 15050 | W108: 0 | X108: 145000 | Y108: 0 | Z108: 0 | AA108: 0 | AB108: 0 | AC108: 0 | AD108: 0 | AE108: 0 | AF108: 0 | AG108: 0 | AH108: 0 | AI108: 0 | AJ108: 0 | AK108: 0 | AL108: 540632075894 | AM108: 동의 | AN108: 0.09 | AO108: 13050 | AP108: 0 | AQ108: 0 | AR108: 0 | AS108: 2000 | AT108: 2000 | AU108: 0 | AV108: 0 | AW108: 0 | AX108: 0 | AY108: 0 | AZ108: 0 | BA108: 0 | BB108: 0 | BC108: 0 | BD108: 0 | BE108: 0 | BF108: 0 | BG108: 0 | BH108: 0
A109: =I109 -> 45979 | B109: 108 | C109: 20251118015643274 | D109: 6 | E109: 2653394173 | F109: 구매확정 | G109: name-4255688841 | H109: mey***** | I109: 45979 | J109: 45979 | K109: 45980 | L109: 45988 | M109: 45988 | N109: 45992 | O109: 2295956958 | P109: 스마트폰으로 보면서! 내시경 귀이개 MSEC-100 | Q109: 색상:옐로우-1개 | R109: 1 | S109: 15201 | T109: 19900 | U109: 0 | V109: 4699 | W109: 0 | X109: 19900 | Y109: 0 | Z109: 0 | AA109: 0 | AB109: 0 | AC109: 0 | AD109: 0 | AE109: 0 | AF109: 0 | AG109: 0 | AH109: 0 | AI109: 0 | AJ109: 0 | AK109: 0 | AL109: 460870495960 | AM109: 동의 | AN109: 0.13 | AO109: 2579 | AP109: 0 | AQ109: 0 | AR109: 0 | AS109: 2010 | AT109: 2000 | AU109: 10 | AV109: 0 | AW109: 0 | AX109: 0 | AY109: 0 | AZ109: 0 | BA109: 0 | BB109: 0 | BC109: 110 | BD109: 0 | BE109: 0 | BF109: 0 | BG109: 0 | BH109: 0
A110: =I110 -> 45979 | B110: 109 | C110: 20251118015649369 | D110: 26 | E110: 2653398787 | F110: 구매확정 | G110: name-3243483146 | H110: yk7****** | I110: 45979 | J110: 45979 | K110: 45980 | L110: 45988 | M110: 45988 | N110: 45992 | O110: 5466907344 | P110: 머레이 필수템 레인보우LED 블루투스 스피커 노래방기기 듀얼마이크 수업용 가정용 스피커 (가족/학교/여행/MT/야유회/학예회/캠핑 핫템) +LED미러볼 세트 | Q110: 색상 선택:블랙-1개 | R110: 1 | S110: 62590 | T110: 70000 | U110: 0 | V110: 7410 | W110: 62590 | X110: 70000 | Y110: 0 | Z110: 0 | AA110: 0 | AB110: 0 | AC110: 0 | AD110: 0 | AE110: 0 | AF110: 0 | AG110: 0 | AH110: 0 | AI110: 0 | AJ110: 0 | AK110: 0 | AL110: 460870495971 | AM110: 동의 | AN110: 0.09 | AO110: 6300 | AP110: 0 | AQ110: 0 | AR110: 0 | AS110: 1000 | AT110: 1000 | AU110: 0 | AV110: 0 | AW110: 0 | AX110: 0 | AY110: 0 | AZ110: 0 | BA110: 0 | BB110: 0 | BC110: 110 | BD110: 0 | BE110: 0 | BF110: 0 | BG110: 0 | BH110: 0
A111: =I111 -> 45979 | B111: 110 | C111: 20251118015677360 | D111: 2 | E111: 2653422865 | F111: 구매확정 | G111: name-629946430 | H111: rhr******** | I111: 45979 | J111: 45979 | K111: 45980 | L111: 45988 | M111: 45988 | N111: 45992 | O111: 8713796920 | P111: 한일의료기 전자파없는 탄소 프리미엄 전기매트 전기요 온열매트 HI-2025 | Q111: 사이즈:슈퍼싱글-1개 | R111: 1 | S111: 97190 | T111: 109000 | U111: 0 | V111: 11810 | W111: 0 | X111: 109000 | Y111: 0 | Z111: 0 | AA111: 0 | AB111: 0 | AC111: 0 | AD111: 0 | AE111: 0 | AF111: 0 | AG111: 0 | AH111: 0 | AI111: 0 | AJ111: 0 | AK111: 0 | AL111: 460870495982 | AM111: 동의 | AN111: 0.09 | AO111: 9810 | AP111: 0 | AQ111: 0 | AR111: 0 | AS111: 2000 | AT111: 2000 | AU111: 0 | AV111: 0 | AW111: 0 | AX111: 0 | AY111: 0 | AZ111: 0 | BA111: 0 | BB111: 0 | BC111: 0 | BD111: 0 | BE111: 0 | BF111: 0 | BG111: 0 | BH111: 0
A112: =I112 -> 45979 | B112: 111 | C112: 20251118015694964 | D112: 1 | E112: 2653437588 | F112: 구매확정 | G112: name-4025810550 | H112: lee******** | I112: 45979 | J112: 45979 | K112: 45980 | L112: 45985 | M112: 45985 | N112: 45987 | O112: 8715578135 | P112: 한일의료기 안전한 고급 탄소 카본 전기매트 온열매트 극세사 싱글 HIM-3000S | Q112: 컬러:다크그레이-1개 | R112: 1 | S112: 94984 | T112: 109000 | U112: 0 | V112: 14016 | W112: 0 | X112: 109000 | Y112: 0 | Z112: 0 | AA112: 0 | AB112: 0 | AC112: 0 | AD112: 0 | AE112: 0 | AF112: 0 | AG112: 0 | AH112: 0 | AI112: 0 | AJ112: 0 | AK112: 0 | AL112: 530636028676 | AM112: 동의 | AN112: 0.09 | AO112: 5450 | AP112: 0 | AQ112: 0 | AR112: 0 | AS112: 7450 | AT112: 2000 | AU112: 5450 | AV112: 0 | AW112: 0 | AX112: 0 | AY112: 0 | AZ112: 0 | BA112: 0 | BB112: 0 | BC112: 1116 | BD112: 0 | BE112: 0 | BF112: 0 | BG112: 0 | BH112: 0
A113: =I113 -> 45979 | B113: 112 | C113: 20251118015756836 | D113: 1 | E113: 2653501487 | F113: 구매확정 | G113: name-1100700571 | H113: son****** | I113: 45979 | J113: 45980 | L113: 45981 | M113: 45981 | N113: 45985 | O113: 5370879772 | P113: 원쁠원 머레이 4IN1 미니스탠드 스마트기기 무선충전기 F5 (+25W 고속충전어댑터 세트) 애플워치 갤럭시워치 에어팟 버즈 호환 갤럭시S25 충전기 | Q113: 호환모델/색상:삼성전용/화이트,초고속충전어댑터 색상:화이트-1개 | R113: 1 | S113: 27710 | T113: 33000 | U113: 0 | V113: 5290 | W113: 0 | X113: 33000 | Y113: 0 | Z113: 0 | AA113: 0 | AB113: 0 | AC113: 0 | AD113: 0 | AE113: 0 | AF113: 0 | AG113: 0 | AH113: 0 | AI113: 0 | AJ113: 0 | AK113: 0 | AL113: 460876143313 | AM113: 동의 | AN113: 0.09 | AO113: 2970 | AP113: 0 | AQ113: 0 | AR113: 0 | AS113: 2100 | AT113: 2100 | AU113: 0 | AV113: 0 | AW113: 0 | AX113: 0 | AY113: 0 | AZ113: 0 | BA113: 0 | BB113: 0 | BC113: 220 | BD113: 0 | BE113: 0 | BF113: 0 | BG113: 0 | BH113: 0
A114: =I114 -> 45979 | B114: 113 | C114: 20251118015870633 | D114: 1 | E114: 2653591812 | F114: 구매확정 | G114: 윤누리 | H114: sky*** | I114: 45979 | J114: 45980 | K114: 45982 | L114: 45990 | M114: 45990 | N114: 45993 | O114: 2514815020 | P114: 머레이 쥴 전자담배 전용 파우치 | Q114: 1개 | R114: 1 | S114: 7810 | T114: 9000 | U114: 0 | V114: 1190 | W114: 0 | X114: 9000 | Y114: 0 | Z114: 0 | AA114: 0 | AB114: 0 | AC114: 0 | AD114: 0 | AE114: 0 | AF114: 0 | AG114: 0 | AH114: 0 | AI114: 0 | AJ114: 0 | AK114: 0 | AL114: 460876143335 | AM114: 동의 | AN114: 0.12 | AO114: 1080 | AP114: 0 | AQ114: 0 | AR114: 0 | AS114: 0 | AT114: 0 | AU114: 0 | AV114: 0 | AW114: 0 | AX114: 0 | AY114: 0 | AZ114: 0 | BA114: 0 | BB114: 0 | BC114: 110 | BD114: 0 | BE114: 0 | BF114: 0 | BG114: 0 | BH114: 0
A115: =I115 -> 45980 | B115: 114 | C115: 20251119015960932 | D115: 1 | E115: 2653652422 | F115: 구매확정 | G115: name-268150265 | H115: 072******* | I115: 45980 | J115: 45980 | K115: 45982 | L115: 45990 | M115: 45990 | N115: 45993 | O115: 6342749718 | P115: 머레이 스톤 손난로 보조배터리 10,000mAh 대용량배터리 / KC안전인증 / 3단온도조절 / 양면 급속발열 / LED액정 잔량표시 / 수족냉증 | Q115: 색상:매트 그린-1개 | R115: 1 | S115: 27566 | T115: 59000 | U115: 0 | V115: 31434 | W115: 0 | X115: 59000 | Y115: 0 | Z115: 0 | AA115: 0 | AB115: 0 | AC115: 0 | AD115: 0 | AE115: 0 | AF115: 0 | AG115: 0 | AH115: 0 | AI115: 0 | AJ115: 0 | AK115: 0 | AL115: 460876143346 | AM115: 동의 | AN115: 0.09 | AO115: 5310 | AP115: 0 | AQ115: 0 | AR115: 0 | AS115: 24100 | AT115: 24100 | AU115: 0 | AV115: 0 | AW115: 0 | AX115: 0 | AY115: 0 | AZ115: 0 | BA115: 0 | BB115: 0 | BC115: 2024 | BD115: 0 | BE115: 0 | BF115: 0 | BG115: 0 | BH115: 0
A116: =I116 -> 45980 | B116: 115 | C116: 20251119015981095 | D116: 1 | E116: 2653669364 | F116: 구매확정 | G116: 조하늘 | H116: 140**************** | I116: 45980 | J116: 45980 | K116: 45981 | L116: 45989 | M116: 45989 | N116: 45993 | O116: 8713796920 | P116: 한일의료기 전자파없는 탄소 프리미엄 전기매트 전기요 온열매트 HI-2025 | Q116: 사이즈:퀸-1개 (+10000원) | R116: 1 | S116: 105003 | T116: 119000 | U116: 0 | V116: 13997 | W116: 0 | X116: 109000 | Y116: 10000 | Z116: 0 | AA116: 0 | AB116: 0 | AC116: 0 | AD116: 0 | AE116: 0 | AF116: 0 | AG116: 0 | AH116: 0 | AI116: 0 | AJ116: 0 | AK116: 0 | AL116: 460877103341 | AM116: 동의 | AN116: 0.09 | AO116: 10710 | AP116: 0 | AQ116: 0 | AR116: 0 | AS116: 2000 | AT116: 2000 | AU116: 0 | AV116: 0 | AW116: 0 | AX116: 0 | AY116: 0 | AZ116: 0 | BA116: 0 | BB116: 0 | BC116: 1287 | BD116: 0 | BE116: 0 | BF116: 0 | BG116: 0 | BH116: 0
A117: =I117 -> 45980 | B117: 116 | C117: 20251119016095436 | D117: 8 | E117: 2653762640 | F117: 구매확정 | G117: name-1093306391 | H117: gey***** | I117: 45980 | J117: 45980 | K117: 45981 | L117: 45989 | M117: 45989 | N117: 45993 | O117: 8432350374 | P117: 갤럭시워치 충전독 일체형 고속 무선충전 맥세이프 보조배터리 M-DOC +맥세이프링 세트 애플워치 충전기 | Q117: 워치호환/색상:갤럭시워치/블랙-1개 | R117: 1 | S117: 24908 | T117: 29800 | U117: 0 | V117: 4892 | W117: 24908 | X117: 29800 | Y117: 0 | Z117: 0 | AA117: 0 | AB117: 0 | AC117: 0 | AD117: 0 | AE117: 0 | AF117: 0 | AG117: 0 | AH117: 0 | AI117: 0 | AJ117: 0 | AK117: 0 | AL117: 460883352812 | AM117: 동의 | AN117: 0.09 | AO117: 2682 | AP117: 0 | AQ117: 0 | AR117: 0 | AS117: 2100 | AT117: 2100 | AU117: 0 | AV117: 0 | AW117: 0 | AX117: 0 | AY117: 0 | AZ117: 0 | BA117: 0 | BB117: 0 | BC117: 110 | BD117: 0 | BE117: 0 | BF117: 0 | BG117: 0 | BH117: 0
A118: =I118 -> 45980 | B118: 117 | C118: 20251119016118184 | D118: 2 | E118: 2653786092 | F118: 구매확정 | G118: name-552157654 | H118: gto****** | I118: 45980 | J118: 45981 | K118: 45982 | L118: 45990 | M118: 45990 | N118: 45993 | O118: 7297726710 | P118: 머레이 일체형 도킹형 고속 10W 대용량 보조배터리 5000mAh KC안전인증 갤럭시 아이폰 C타입 라이트닝젠더 | Q118: 색상:파스텔 퍼플,충전단자(스트랩C타입 동일):본체8Pin(아이폰용)-2개 | R118: 2 | S118: 17598 | T118: 39800 | U118: 0 | V118: 22202 | W118: 17598 | X118: 39800 | Y118: 0 | Z118: 0 | AA118: 0 | AB118: 0 | AC118: 0 | AD118: 0 | AE118: 0 | AF118: 0 | AG118: 0 | AH118: 0 | AI118: 0 | AJ118: 0 | AK118: 0 | AL118: 460887557701 | AM118: 동의 | AN118: 0.09 | AO118: 3582 | AP118: 0 | AQ118: 0 | AR118: 0 | AS118: 14400 | AT118: 14400 | AU118: 0 | AV118: 0 | AW118: 4000 | AX118: 0 | AY118: 0 | AZ118: 0 | BA118: 0 | BB118: 0 | BC118: 220 | BD118: 0 | BE118: 0 | BF118: 0 | BG118: 0 | BH118: 0
A119: =I119 -> 45980 | B119: 118 | C119: 20251119016118184 | D119: 1 | E119: 2653786092 | F119: 구매확정 | G119: name-552157654 | H119: gto****** | I119: 45980 | J119: 45981 | K119: 45982 | L119: 45990 | M119: 45990 | N119: 45993 | O119: 7297726710 | P119: 머레이 일체형 도킹형 고속 10W 대용량 보조배터리 5000mAh KC안전인증 갤럭시 아이폰 C타입 라이트닝젠더 | Q119: 색상:심플 화이트,충전단자(스트랩C타입 동일):본체8Pin(아이폰용)-2개 | R119: 2 | S119: 17598 | T119: 39800 | U119: 0 | V119: 22202 | W119: 17598 | X119: 39800 | Y119: 0 | Z119: 0 | AA119: 0 | AB119: 0 | AC119: 0 | AD119: 0 | AE119: 0 | AF119: 0 | AG119: 0 | AH119: 0 | AI119: 0 | AJ119: 0 | AK119: 0 | AL119: 460887557701 | AM119: 동의 | AN119: 0.09 | AO119: 3582 | AP119: 0 | AQ119: 0 | AR119: 0 | AS119: 14400 | AT119: 14400 | AU119: 0 | AV119: 0 | AW119: 4000 | AX119: 0 | AY119: 0 | AZ119: 0 | BA119: 0 | BB119: 0 | BC119: 220 | BD119: 0 | BE119: 0 | BF119: 0 | BG119: 0 | BH119: 0
A120: =I120 -> 45980 | B120: 119 | C120: 20251119016118184 | D120: 3 | E120: 2653786092 | F120: 구매확정 | G120: name-552157654 | H120: gto****** | I120: 45980 | J120: 45981 | K120: 45982 | L120: 45990 | M120: 45990 | N120: 45993 | O120: 7297726710 | P120: 머레이 일체형 도킹형 고속 10W 대용량 보조배터리 5000mAh KC안전인증 갤럭시 아이폰 C타입 라이트닝젠더 | Q120: 색상:베이비 핑크,충전단자(스트랩C타입 동일):본체8Pin(아이폰용)-2개 | R120: 2 | S120: 17598 | T120: 39800 | U120: 0 | V120: 22202 | W120: 17598 | X120: 39800 | Y120: 0 | Z120: 0 | AA120: 0 | AB120: 0 | AC120: 0 | AD120: 0 | AE120: 0 | AF120: 0 | AG120: 0 | AH120: 0 | AI120: 0 | AJ120: 0 | AK120: 0 | AL120: 460887557701 | AM120: 동의 | AN120: 0.09 | AO120: 3582 | AP120: 0 | AQ120: 0 | AR120: 0 | AS120: 14400 | AT120: 14400 | AU120: 0 | AV120: 0 | AW120: 4000 | AX120: 0 | AY120: 0 | AZ120: 0 | BA120: 0 | BB120: 0 | BC120: 220 | BD120: 0 | BE120: 0 | BF120: 0 | BG120: 0 | BH120: 0
A121: =I121 -> 45981 | B121: 120 | C121: 20251120016305096 | D121: 1 | E121: 2653929250 | F121: 구매확정 | G121: 한푸른 | H121: suy****** | I121: 45981 | J121: 45981 | K121: 45982 | L121: 45990 | M121: 45990 | N121: 45993 | O121: 7560091230 | P121: 머레이 무선 휴대용 충전식 물대포 고급 고압 워터건 WT-GUN 고수압 세차건 셀프 세차장 세차용품 차량관리 농약분무기 제초제분사기 살포기 | Q121: 1개 | R121: 1 | S121: 100135 | T121: 130000 | U121: 0 | V121: 29865 | W121: 0 | X121: 130000 | Y121: 0 | Z121: 0 | AA121: 0 | AB121: 0 | AC121: 0 | AD121: 0 | AE121: 0 | AF121: 0 | AG121: 0 | AH121: 0 | AI121: 0 | AJ121: 0 | AK121: 0 | AL121: 460887557734 | AM121: 동의 | AN121: 0.13 | AO121: 12436 | AP121: 0 | AQ121: 0 | AR121: 0 | AS121: 12450 | AT121: 6870 | AU121: 5580 | AV121: 0 | AW121: 0 | AX121: 0 | AY121: 0 | AZ121: 0 | BA121: 0 | BB121: 0 | BC121: 4979 | BD121: 0 | BE121: 0 | BF121: 0 | BG121: 0 | BH121: 0
A122: =I122 -> 45981 | B122: 121 | C122: 20251120016305096 | D122: 2 | E122: 2653929250 | F122: 구매확정 | G122: 한푸른 | H122: suy****** | I122: 45981 | J122: 45981 | K122: 45982 | L122: 45990 | M122: 45990 | N122: 45993 | O122: 8192853693 | P122: 여분배터리 +1 | Q122: 1개 | R122: 1 | S122: 22533 | T122: 25900 | U122: 0 | V122: 3367 | W122: 0 | X122: 25900 | Y122: 0 | Z122: 0 | AA122: 0 | AB122: 0 | AC122: 0 | AD122: 0 | AE122: 0 | AF122: 0 | AG122: 0 | AH122: 0 | AI122: 0 | AJ122: 0 | AK122: 0 | AL122: 460887557734 | AM122: 동의 | AN122: 0.13 | AO122: 3367 | AP122: 0 | AQ122: 0 | AR122: 0 | AS122: 0 | AT122: 0 | AU122: 0 | AV122: 0 | AW122: 0 | AX122: 0 | AY122: 0 | AZ122: 0 | BA122: 0 | BB122: 0 | BC122: 0 | BD122: 0 | BE122: 0 | BF122: 0 | BG122: 0 | BH122: 0
A123: =I123 -> 45981 | B123: 122 | C123: 20251120016311846 | D123: 1 | E123: 2653936398 | F123: 구매확정 | G123: 서미르 | H123: jsk*** | I123: 45981 | J123: 45981 | K123: 45982 | L123: 45990 | M123: 45990 | N123: 45993 | O123: 6546161396 | P123: 머레이 휴대용 미니 전기면도기 SV-2 학교 여행 회사 출장용 면도기 | Q123: 색상:글리터 그린-2개 | R123: 2 | S123: 25197 | T123: 36000 | U123: 0 | V123: 10803 | W123: 0 | X123: 36000 | Y123: 0 | Z123: 0 | AA123: 0 | AB123: 0 | AC123: 0 | AD123: 0 | AE123: 0 | AF123: 0 | AG123: 0 | AH123: 0 | AI123: 0 | AJ123: 0 | AK123: 0 | AL123: 460892585355 | AM123: 동의 | AN123: 0.11 | AO123: 0 | AP123: 0 | AQ123: 0 | AR123: 0 | AS123: 8172 | AT123: 3420 | AU123: 4752 | AV123: 388 | AW123: 2000 | AX123: 0 | AY123: 0 | AZ123: 0 | BA123: 0 | BB123: 0 | BC123: 631 | BD123: 0 | BE123: 0 | BF123: 0 | BG123: 0 | BH123: 0
A124: =I124 -> 45981 | B124: 123 | C124: 20251120016363916 | D124: 3 | E124: 2653976678 | F124: 구매확정 | G124: 서온새 | H124: gos***** | I124: 45981 | J124: 45981 | K124: 45982 | L124: 45984 | M124: 45984 | N124: 45986 | O124: 6342749718 | P124: 머레이 스톤 손난로 보조배터리 10,000mAh 대용량배터리 / KC안전인증 / 3단온도조절 / 양면 급속발열 / LED액정 잔량표시 / 수족냉증 | Q124: 색상:매트 블랙-1개 | R124: 1 | S124: 23864 | T124: 59000 | U124: 0 | V124: 35136 | W124: 0 | X124: 59000 | Y124: 0 | Z124: 0 | AA124: 0 | AB124: 0 | AC124: 0 | AD124: 0 | AE124: 0 | AF124: 0 | AG124: 0 | AH124: 0 | AI124: 0 | AJ124: 0 | AK124: 0 | AL124: 460892585370 | AM124: 동의 | AN124: 0.09 | AO124: 2708 | AP124: 0 | AQ124: 0 | AR124: 0 | AS124: 30270 | AT124: 27100 | AU124: 3170 | AV124: 0 | AW124: 0 | AX124: 0 | AY124: 0 | AZ124: 0 | BA124: 0 | BB124: 0 | BC124: 2158 | BD124: 0 | BE124: 0 | BF124: 0 | BG124: 0 | BH124: 0
A125: =I125 -> 45981 | B125: 124 | C125: 20251120016389488 | D125: 1 | E125: 2653999020 | F125: 구매확정 | G125: name-1320819989 | H125: snm**** | I125: 45981 | J125: 45981 | K125: 45982 | L125: 45990 | M125: 45990 | N125: 45993 | O125: 6342749718 | P125: 머레이 스톤 손난로 보조배터리 10,000mAh 대용량배터리 / KC안전인증 / 3단온도조절 / 양면 급속발열 / LED액정 잔량표시 / 수족냉증 | Q125: 색상:매트 핑크-6개 | R125: 6 | S125: 142480 | T125: 354000 | U125: 0 | V125: 211520 | W125: 142480 | X125: 354000 | Y125: 0 | Z125: 0 | AA125: 0 | AB125: 0 | AC125: 0 | AD125: 0 | AE125: 0 | AF125: 0 | AG125: 0 | AH125: 0 | AI125: 0 | AJ125: 0 | AK125: 0 | AL125: 460892585381 | AM125: 동의 | AN125: 0.09 | AO125: 22260 | AP125: 0 | AQ125: 0 | AR125: 0 | AS125: 176600 | AT125: 164600 | AU125: 12000 | AV125: 0 | AW125: 12000 | AX125: 0 | AY125: 0 | AZ125: 0 | BA125: 0 | BB125: 0 | BC125: 660 | BD125: 0 | BE125: 0 | BF125: 0 | BG125: 0 | BH125: 0
... A154: =I154 -> 45989 | B154: 153 | C154: 20251128018424165 | D154: 1 | E154: 2655688115 | F154: 구매확정 | G154: 조다솜 | H154: gwo*** | I154: 45989 | J154: 45989 | K154: 45990 | L154: 45990 | M154: 45990 | N154: 45993 | O154: 8218722209 | P154: 머레이 도킹형 보조배터리 갤럭시워치 애플워치 충전기 일체형 5000mAh 대용량 보조배터리 | Q154: 워치 호환모델:갤럭시워치,본체 충전단자:C타입,색상:화이트-1개 | R154: 1 | S154: 21471 | T154: 28000 | U154: 0 | V154: 6529 | W154: 21471 | X154: 28000 | Y154: 0 | Z154: 0 | AA154: 0 | AB154: 0 | AC154: 0 | AD154: 0 | AE154: 0 | AF154: 0 | AG154: 0 | AH154: 0 | AI154: 0 | AJ154: 0 | AK154: 0 | AL154: 460959061942 | AM154: 동의 | AN154: 0.09 | AO154: 2520 | AP154: 0 | AQ154: 0 | AR154: 0 | AS154: 2100 | AT154: 2100 | AU154: 0 | AV154: 0 | AW154: 0 | AX154: 0 | AY154: 0 | AZ154: 0 | BA154: 0 | BB154: 0 | BC154: 1909 | BD154: 0 | BE154: 0 | BF154: 0 | BG154: 0 | BH154: 0
A155: =I155 -> 45966 | B155: 154 | C155: 20251105010615217 | D155: 1 | E155: 2649323314 | F155: 반품완료 | G155: name-4176002687 | H155: na9*** | I155: 45966 | J155: 45967 | K155: 45968 | M155: 45973 | N155: 45975 | O155: 8718794512 | P155: 한일의료기 안전한 고급 탄소 카본 전기매트 온열매트 극세사 2겹 더블 좌우 분리 개별 난방 HIM-3000D2 | Q155: 컬러:다크그레이-0개 | R155: 0 | S155: 6000 | T155: 6000 | U155: 0 | V155: 0 | W155: 0 | X155: 0 | Y155: 0 | Z155: 0 | AA155: 0 | AB155: 6000 | AC155: 0 | AD155: 0 | AE155: 0 | AF155: 0 | AG155: 0 | AH155: 0 | AI155: 0 | AJ155: 0 | AK155: 0 | AL155: 530623178835 | AM155: 동의 | AN155: 0 | AO155: 0 | AP155: 0 | AQ155: 0 | AR155: 0 | AS155: 0 | AT155: 0 | AU155: 0 | AV155: 0 | AW155: 0 | AX155: 0 | AY155: 0 | AZ155: 0 | BA155: 0 | BB155: 0 | BC155: 0 | BD155: 0 | BE155: 0 | BF155: 0 | BG155: 0 | BH155: 0
A156: =I156 -> 45967 | B156: 155 | C156: 20251106011130055 | D156: 1 | E156: 2649718858 | F156: 반품완료 | G156: name-1371917913 | H156: han******* | I156: 45967 | J156: 45968 | K156: 45969 | M156: 45974 | N156: 45978 | O156: 6217732715 | P156: 머레이 디지털 펜 보이스레코더/학습강의 PV-3000 16GB 최대 180시간녹음 선명한 음질 볼펜녹음기 | Q156: 0개 | R156: 0 | S156: 6000 | T156: 6000 | U156: 0 | V156: 0 | W156: 0 | X156: 0 | Y156: 0 | Z156: 0 | AA156: 0 | AB156: 6000 | AC156: 0 | AD156: 0 | AE156: 0 | AF156: 0 | AG156: 0 | AH156: 0 | AI156: 0 | AJ156: 0 | AK156: 0 | AL156: 460772357695 | AM156: 동의 | AN156: 0 | AO156: 0 | AP156: 0 | AQ156: 0 | AR156: 0 | AS156: 0 | AT156: 0 | AU156: 0 | AV156: 0 | AW156: 0 | AX156: 0 | AY156: 0 | AZ156: 0 | BA156: 0 | BB156: 0 | BC156: 0 | BD156: 0 | BE156: 0 | BF156: 0 | BG156: 0 | BH156: 0
A157: =I157 -> 45989 | B157: 1 | C157: 20251128018554361 | D157: 1 | E157: 2655806042 | F157: 발송완료 | G157: 장누리 | H157: wwe***** | I157: 45989 | J157: 45992 | O157: 7996735307 | P157: 머레이 2세대 강력 코털/잔털정리기 ZP-10 트리머기기 생활방수 코털제거기 눈썹정리 | Q157: 색상:블루-1개 | R157: 1 | S157: 13348 | T157: 15000 | U157: 0 | V157: 1652 | W157: 0 | X157: 15000 | Y157: 0 | Z157: 0 | AA157: 0 | AB157: 0 | AC157: 0 | AD157: 0 | AE157: 0 | AF157: 0 | AG157: 0 | AH157: 0 | AI157: 0 | AJ157: 0 | AL157: 460973304374 | AM157: 동의 | AN157: 0.09 | AO157: 942 | AP157: 0 | AQ157: 0 | AR157: 0 | AS157: 510 | AT157: 0 | AU157: 510 | AV157: 0 | AW157: 0 | AX157: 0 | AY157: 0 | AZ157: 0 | BA157: 0 | BB157: 0 | BC157: 200 | BD157: 0 | BE157: 0 | BF157: 0 | BG157: 0
A158: =I158 -> 45989 | B158: 2 | C158: 20251128018554854 | D158: 1 | E158: 2655806835 | F158: 발송완료 | G158: name-2755323853 | H158: 388**************** | I158: 45989 | J158: 45992 | O158: 6342749718 | P158: 머레이 스톤 손난로 보조배터리 10,000mAh 대용량배터리 / KC안전인증 / 3단온도조절 / 양면 급속발열 / LED액정 잔량표시 / 수족냉증 | Q158: 색상:매트 그린-1개 | R158: 1 | S158: 23664 | T158: 59000 | U158: 0 | V158: 35336 | W158: 0 | X158: 59000 | Y158: 0 | Z158: 0 | AA158: 0 | AB158: 0 | AC158: 0 | AD158: 0 | AE158: 0 | AF158: 0 | AG158: 0 | AH158: 0 | AI158: 0 | AJ158: 0 | AL158: 460973304385 | AM158: 동의 | AN158: 0.09 | AO158: 3710 | AP158: 0 | AQ158: 0 | AR158: 0 | AS158: 31100 | AT158: 29100 | AU158: 2000 | AV158: 0 | AW158: 0 | AX158: 0 | AY158: 0 | AZ158: 0 | BA158: 0 | BB158: 0 | BC158: 526 | BD158: 0 | BE158: 0 | BF158: 0 | BG158: 0
A159: =I159 -> 45990 | B159: 3 | C159: 20251129018663970 | D159: 1 | E159: 2655897639 | F159: 발송완료 | G159: 최초록 | H159: kt3************* | I159: 45990 | J159: 45992 | O159: 8713796920 | P159: 한일의료기 전자파없는 탄소 프리미엄 전기매트 전기요 온열매트 HI-2025 | Q159: 사이즈:퀸-1개 (+10000원) | R159: 1 | S159: 105003 | T159: 119000 | U159: 0 | V159: 13997 | W159: 0 | X159: 109000 | Y159: 10000 | Z159: 0 | AA159: 0 | AB159: 0 | AC159: 0 | AD159: 0 | AE159: 0 | AF159: 0 | AG159: 0 | AH159: 0 | AI159: 0 | AJ159: 0 | AL159: 460973304396 | AM159: 동의 | AN159: 0.09 | AO159: 10710 | AP159: 0 | AQ159: 0 | AR159: 0 | AS159: 2000 | AT159: 2000 | AU159: 0 | AV159: 0 | AW159: 0 | AX159: 0 | AY159: 0 | AZ159: 0 | BA159: 0 | BB159: 0 | BC159: 1287 | BD159: 0 | BE159: 0 | BF159: 0 | BG159: 0
A160: =I160 -> 45990 | B160: 4 | C160: 20251129018699712 | D160: 1 | E160: 2655921208 | F160: 발송완료 | G160: name-3319802350 | H160: 321**************** | I160: 45990 | J160: 45992 | O160: 4232257167 | P160: 고성능 파워 공기주입기 듀얼실린더 풋 에어펌프 AP-170 자전거 자동차 타이어 발 펌프 컴프레셔 수동 공기유입기 | Q160: 색상:블랙-1개 | R160: 1 | S160: 14275 | T160: 39900 | U160: 0 | V160: 25625 | W160: 0 | X160: 39900 | Y160: 0 | Z160: 0 | AA160: 0 | AB160: 0 | AC160: 0 | AD160: 0 | AE160: 0 | AF160: 0 | AG160: 0 | AH160: 0 | AI160: 0 | AJ160: 0 | AL160: 460973304400 | AM160: 동의 | AN160: 0.13 | AO160: 5187 | AP160: 0 | AQ160: 0 | AR160: 0 | AS160: 20000 | AT160: 20000 | AU160: 0 | AV160: 0 | AW160: 0 | AX160: 0 | AY160: 0 | AZ160: 0 | BA160: 0 | BB160: 0 | BC160: 438 | BD160: 0 | BE160: 0 | BF160: 0 | BG160: 0
A161: =I161 -> 45990 | B161: 5 | C161: 20251129018732733 | D161: 1 | E161: 2655946262 | F161: 발송완료 | G161: name-4136510450 | H161: wha****** | I161: 45990 | J161: 45992 | O161: 5924859476 | P161: 머레이 LED알람시계 4in1 맥세이프 고속무선충전기 갤럭시워치 올인원충전기+맥세이프링 세트 | Q161: 색상:시크 블랙-1개 | R161: 1 | S161: 28692 | T161: 32000 | U161: 0 | V161: 3308 | W161: 0 | X161: 32000 | Y161: 0 | Z161: 0 | AA161: 0 | AB161: 0 | AC161: 0 | AD161: 0 | AE161: 0 | AF161: 0 | AG161: 0 | AH161: 0 | AI161: 0 | AJ161: 0 | AL161: 460973304411 | AM161: 동의 | AN161: 0.09 | AO161: 2008 | AP161: 0 | AQ161: 0 | AR161: 0 | AS161: 1190 | AT161: 100 | AU161: 1090 | AV161: 0 | AW161: 0 | AX161: 0 | AY161: 0 | AZ161: 0 | BA161: 0 | BB161: 0 | BC161: 110 | BD161: 0 | BE161: 0 | BF161: 0 | BG161: 0
A162: =I162 -> 45990 | B162: 6 | C162: 20251129018743918 | D162: 1 | E162: 2655953937 | F162: 발송완료 | G162: name-3185915430 | H162: hoj****** | I162: 45990 | J162: 45992 | O162: 7811497488 | P162: 머레이 필수템 고출력 LED 블루투스 스피커 노래방기기 듀얼마이크 수업용 가정용 스피커 BLUE LINE (가족/학교/여행/MT/야유회/학예회/캠핑 핫템) +LED미러볼 세트 | Q162: 1개 | R162: 1 | S162: 99770 | T162: 189000 | U162: 0 | V162: 89230 | W162: 0 | X162: 189000 | Y162: 0 | Z162: 0 | AA162: 0 | AB162: 0 | AC162: 0 | AD162: 0 | AE162: 0 | AF162: 0 | AG162: 0 | AH162: 0 | AI162: 0 | AJ162: 0 | AL162: 460973304422 | AM162: 동의 | AN162: 0.09 | AO162: 17010 | AP162: 0 | AQ162: 0 | AR162: 0 | AS162: 72000 | AT162: 72000 | AU162: 0 | AV162: 0 | AW162: 0 | AX162: 0 | AY162: 0 | AZ162: 0 | BA162: 0 | BB162: 0 | BC162: 220 | BD162: 0 | BE162: 0 | BF162: 0 | BG162: 0
A163: =I163 -> 45990 | B163: 7 | C163: 20251129018749836 | D163: 1 | E163: 2655957883 | F163: 발송완료 | G163: name-2136599831 | H163: jme*** | I163: 45990 | J163: 45992 | O163: 8713796920 | P163: 한일의료기 전자파없는 탄소 프리미엄 전기매트 전기요 온열매트 HI-2025 | Q163: 사이즈:슈퍼싱글-1개 | R163: 1 | S163: 99190 | T163: 109000 | U163: 0 | V163: 9810 | W163: 0 | X163: 109000 | Y163: 0 | Z163: 0 | AA163: 0 | AB163: 0 | AC163: 0 | AD163: 0 | AE163: 0 | AF163: 0 | AG163: 0 | AH163: 0 | AI163: 0 | AJ163: 0 | AL163: 460974565914 | AM163: 동의 | AN163: 0.09 | AO163: 9810 | AP163: 0 | AQ163: 0 | AR163: 0 | AS163: 0 | AT163: 0 | AU163: 0 | AV163: 0 | AW163: 0 | AX163: 0 | AY163: 0 | AZ163: 0 | BA163: 0 | BB163: 0 | BC163: 0 | BD163: 0 | BE163: 0 | BF163: 0 | BG163: 0
A164: =I164 -> 45990 | B164: 8 | C164: 20251129018750806 | D164: 1 | E164: 2655958428 | F164: 발송완료 | G164: name-2879979167 | H164: lo7***** | I164: 45990 | J164: 45992 | O164: 8713796920 | P164: 한일의료기 전자파없는 탄소 프리미엄 전기매트 전기요 온열매트 HI-2025 | Q164: 사이즈:슈퍼싱글-1개 | R164: 1 | S164: 99190 | T164: 109000 | U164: 0 | V164: 9810 | W164: 0 | X164: 109000 | Y164: 0 | Z164: 0 | AA164: 0 | AB164: 0 | AC164: 0 | AD164: 0 | AE164: 0 | AF164: 0 | AG164: 0 | AH164: 0 | AI164: 0 | AJ164: 0 | AL164: 460974565925 | AM164: 동의 | AN164: 0.09 | AO164: 9810 | AP164: 0 | AQ164: 0 | AR164: 0 | AS164: 0 | AT164: 0 | AU164: 0 | AV164: 0 | AW164: 0 | AX164: 0 | AY164: 0 | AZ164: 0 | BA164: 0 | BB164: 0 | BC164: 0 | BD164: 0 | BE164: 0 | BF164: 0 | BG164: 0
A165: =I165 -> 45990 | B165: 9 | C165: 20251129018751598 | D165: 1 | E165: 2655959476 | F165: 발송완료 | G165: 윤푸른 | H165: gua*** | I165: 45990 | J165: 45992 | O165: 8713796920 | P165: 한일의료기 전자파없는 탄소 프리미엄 전기매트 전기요 온열매트 HI-2025 | Q165: 사이즈:슈퍼싱글-1개 | R165: 1 | S165: 97991 | T165: 109000 | U165: 0 | V165: 11009 | W165: 0 | X165: 109000 | Y165: 0 | Z165: 0 | AA165: 0 | AB165: 0 | AC165: 0 | AD165: 0 | AE165: 0 | AF165: 0 | AG165: 0 | AH165: 0 | AI165: 0 | AJ165: 0 | AL165: 460974565936 | AM165: 동의 | AN165: 0.09 | AO165: 9810 | AP165: 0 | AQ165: 0 | AR165: 0 | AS165: 0 | AT165: 0 | AU165: 0 | AV165: 0 | AW165: 0 | AX165: 0 | AY165: 0 | AZ165: 0 | BA165: 0 | BB165: 0 | BC165: 1199 | BD165: 0 | BE165: 0 | BF165: 0 | BG165: 0
A166: =I166 -> 45990 | B166: 10 | C166: 20251129018760230 | D166: 1 | E166: 2655966121 | F166: 발송완료 | G166: name-54265153 | H166: tjd**************** | I166: 45990 | J166: 45992 | O166: 8432350374 | P166: 갤럭시워치 충전독 일체형 고속 무선충전 맥세이프 보조배터리 M-DOC +맥세이프링 세트 애플워치 충전기 | Q166: 워치호환/색상:애플워치/화이트-1개 | R166: 1 | S166: 24730 | T166: 29800 | U166: 0 | V166: 5070 | W166: 0 | X166: 29800 | Y166: 0 | Z166: 0 | AA166: 0 | AB166: 0 | AC166: 0 | AD166: 0 | AE166: 0 | AF166: 0 | AG166: 0 | AH166: 0 | AI166: 0 | AJ166: 0 | AL166: 460973304433 | AM166: 동의 | AN166: 0.09 | AO166: 1970 | AP166: 0 | AQ166: 0 | AR166: 0 | AS166: 2990 | AT166: 2100 | AU166: 890 | AV166: 0 | AW166: 0 | AX166: 0 | AY166: 0 | AZ166: 0 | BA166: 0 | BB166: 0 | BC166: 110 | BD166: 0 | BE166: 0 | BF166: 0 | BG166: 0
A167: =I167 -> 45990 | B167: 11 | C167: 20251129018780581 | D167: 1 | E167: 2655981302 | F167: 발송완료 | G167: name-1813256584 | H167: cpi***** | I167: 45990 | J167: 45992 | O167: 8713796920 | P167: 한일의료기 전자파없는 탄소 프리미엄 전기매트 전기요 온열매트 HI-2025 | Q167: 사이즈:슈퍼싱글-1개 | R167: 1 | S167: 96013 | T167: 109000 | U167: 0 | V167: 12987 | W167: 0 | X167: 109000 | Y167: 0 | Z167: 0 | AA167: 0 | AB167: 0 | AC167: 0 | AD167: 0 | AE167: 0 | AF167: 0 | AG167: 0 | AH167: 0 | AI167: 0 | AJ167: 0 | AL167: 460973304444 | AM167: 동의 | AN167: 0.09 | AO167: 9810 | AP167: 0 | AQ167: 0 | AR167: 0 | AS167: 2000 | AT167: 2000 | AU167: 0 | AV167: 0 | AW167: 0 | AX167: 0 | AY167: 0 | AZ167: 0 | BA167: 0 | BB167: 0 | BC167: 1177 | BD167: 0 | BE167: 0 | BF167: 0 | BG167: 0
A168: =I168 -> 45991 | B168: 12 | C168: 20251130018808390 | D168: 1 | E168: 2656000271 | F168: 발송완료 | G168: 강이든 | H168: sak****** | I168: 45991 | J168: 45992 | O168: 6363337566 | P168: 머레이 절전형 발열 파티션 워머 LY-PH4 사무실 책상 발난로 히팅패드 전기히터온풍기 전기담요 | Q168: 1개 | R168: 1 | S168: 38362 | T168: 48000 | U168: 0 | V168: 9638 | W168: 0 | X168: 48000 | Y168: 0 | Z168: 0 | AA168: 0 | AB168: 0 | AC168: 0 | AD168: 0 | AE168: 0 | AF168: 0 | AG168: 0 | AH168: 0 | AI168: 0 | AJ168: 0 | AL168: 460973304455 | AM168: 동의 | AN168: 0.09 | AO168: 4320 | AP168: 0 | AQ168: 0 | AR168: 0 | AS168: 2100 | AT168: 2100 | AU168: 0 | AV168: 0 | AW168: 0 | AX168: 0 | AY168: 0 | AZ168: 0 | BA168: 0 | BB168: 0 | BC168: 3218 | BD168: 0 | BE168: 0 | BF168: 0 | BG168: 0
... A173: =I173 -> 45991 | B173: 17 | C173: 20251130018954314 | D173: 1 | E173: 2656099772 | F173: 발송완료 | G173: name-3576233626 | H173: dak********* | I173: 45991 | J173: 45992 | O173: 8713796920 | P173: 한일의료기 전자파없는 탄소 프리미엄 전기매트 전기요 온열매트 HI-2025 | Q173: 사이즈:슈퍼싱글-1개 | R173: 1 | S173: 97991 | T173: 109000 | U173: 0 | V173: 11009 | W173: 0 | X173: 109000 | Y173: 0 | Z173: 0 | AA173: 0 | AB173: 0 | AC173: 0 | AD173: 0 | AE173: 0 | AF173: 0 | AG173: 0 | AH173: 0 | AI173: 0 | AJ173: 0 | AL173: 460974565951 | AM173: 동의 | AN173: 0.09 | AO173: 9810 | AP173: 0 | AQ173: 0 | AR173: 0 | AS173: 0 | AT173: 0 | AU173: 0 | AV173: 0 | AW173: 0 | AX173: 0 | AY173: 0 | AZ173: 0 | BA173: 0 | BB173: 0 | BC173: 1199 | BD173: 0 | BE173: 0 | BF173: 0 | BG173: 0
A174: =I174 -> 45991 | B174: 18 | C174: 2.025113e+16 | D174: 1 | E174: 2656106557 | F174: 발송완료 | G174: 임푸른 | H174: S|1*************** | I174: 45991 | J174: 45992 | O174: 8718794512 | P174: 한일의료기 안전한 고급 탄소 카본 전기매트 온열매트 극세사 2겹 더블 좌우 분리 개별 난방 HIM-3000D2 | Q174: 컬러:다크그레이-1개 | R174: 1 | S174: 131950 | T174: 145000 | U174: 0 | V174: 13050 | W174: 0 | X174: 145000 | Y174: 0 | Z174: 0 | AA174: 0 | AB174: 0 | AC174: 0 | AD174: 0 | AE174: 0 | AF174: 0 | AG174: 0 | AH174: 0 | AI174: 0 | AJ174: 0 | AL174: 540645142816 | AM174: 동의 | AN174: 0.09 | AO174: 13050 | AP174: 0 | AQ174: 0 | AR174: 0 | AS174: 0 | AT174: 0 | AU174: 0 | AV174: 0 | AW174: 0 | AX174: 0 | AY174: 0 | AZ174: 0 | BA174: 0 | BB174: 0 | BC174: 0 | BD174: 0 | BE174: 0 | BF174: 0 | BG174: 0
A175: =I175 -> 45982 | B175: 19 | C175: 20251121016726931 | D175: 1 | E175: 2654301436 | F175: 배송완료 | G175: 권다솜 | H175: als***** | I175: 45982 | J175: 45985 | K175: 45986 | O175: 7175614365 | P175: 머레이 2세대 볼펜형 코털/잔털정리기 GR-PEN 트리머기기 코털제거기 눈썹정리 | Q175: 1개 | R175: 1 | S175: 13330 | T175: 15000 | U175: 0 | V175: 1670 | W175: 0 | X175: 15000 | Y175: 0 | Z175: 0 | AA175: 0 | AB175: 0 | AC175: 0 | AD175: 0 | AE175: 0 | AF175: 0 | AG175: 0 | AH175: 0 | AI175: 0 | AJ175: 0 | AL175: 460912410523 | AM175: 동의 | AN175: 0.09 | AO175: 510 | AP175: 0 | AQ175: 0 | AR175: 0 | AS175: 1050 | AT175: 0 | AU175: 1050 | AV175: 0 | AW175: 0 | AX175: 0 | AY175: 0 | AZ175: 0 | BA175: 0 | BB175: 0 | BC175: 110 | BD175: 0 | BE175: 0 | BF175: 0 | BG175: 0
A176: =I176 -> 45982 | B176: 20 | C176: 20251121016739376 | D176: 1 | E176: 2654311529 | F176: 배송완료 | G176: name-745102255 | H176: dog************************* | I176: 45982 | J176: 45985 | K176: 45986 | O176: 6546161396 | P176: 머레이 휴대용 미니 전기면도기 SV-2 학교 여행 회사 출장용 면도기 | Q176: 색상:글리터 그린-1개 | R176: 1 | S176: 13764 | T176: 18000 | U176: 0 | V176: 4236 | W176: 13764 | X176: 18000 | Y176: 0 | Z176: 0 | AA176: 0 | AB176: 0 | AC176: 0 | AD176: 0 | AE176: 0 | AF176: 0 | AG176: 0 | AH176: 0 | AI176: 0 | AJ176: 0 | AL176: 460912410534 | AM176: 동의 | AN176: 0.11 | AO176: 1124 | AP176: 0 | AQ176: 0 | AR176: 0 | AS176: 2780 | AT176: 1710 | AU176: 1070 | AV176: 0 | AW176: 0 | AX176: 0 | AY176: 0 | AZ176: 0 | BA176: 0 | BB176: 0 | BC176: 332 | BD176: 0 | BE176: 0 | BF176: 0 | BG176: 0
A177: =I177 -> 45985 | B177: 21 | C177: 20251121016760745 | D177: 1 | E177: 2654327908 | F177: 배송완료 | G177: name-331522383 | H177: yos**** | I177: 45985 | J177: 45985 | K177: 45986 | O177: 6546161396 | P177: 머레이 휴대용 미니 전기면도기 SV-2 학교 여행 회사 출장용 면도기 | Q177: 색상:글리터 그린-1개 | R177: 1 | S177: 13986 | T177: 18000 | U177: 0 | V177: 4014 | W177: 13986 | X177: 18000 | Y177: 0 | Z177: 0 | AA177: 0 | AB177: 0 | AC177: 0 | AD177: 0 | AE177: 0 | AF177: 0 | AG177: 0 | AH177: 0 | AI177: 0 | AJ177: 0 | AL177: 460920933126 | AM177: 동의 | AN177: 0.11 | AO177: 1124 | AP177: 0 | AQ177: 0 | AR177: 0 | AS177: 2780 | AT177: 1710 | AU177: 1070 | AV177: 0 | AW177: 0 | AX177: 0 | AY177: 0 | AZ177: 0 | BA177: 0 | BB177: 0 | BC177: 110 | BD177: 0 | BE177: 0 | BF177: 0 | BG177: 0
A178: =I178 -> 45983 | B178: 22 | C178: 20251122016819617 | D178: 1 | E178: 2654373782 | F178: 배송완료 | G178: 장초록 | H178: pjh****** | I178: 45983 | J178: 45985 | K178: 45986 | O178: 7175614365 | P178: 머레이 2세대 볼펜형 코털/잔털정리기 GR-PEN 트리머기기 코털제거기 눈썹정리 | Q178: 1개 | R178: 1 | S178: 13330 | T178: 15000 | U178: 0 | V178: 1670 | W178: 0 | X178: 15000 | Y178: 0 | Z178: 0 | AA178: 0 | AB178: 0 | AC178: 0 | AD178: 0 | AE178: 0 | AF178: 0 | AG178: 0 | AH178: 0 | AI178: 0 | AJ178: 0 | AL178: 460912410545 | AM178: 동의 | AN178: 0.09 | AO178: 510 | AP178: 0 | AQ178: 0 | AR178: 0 | AS178: 1050 | AT178: 0 | AU178: 1050 | AV178: 0 | AW178: 0 | AX178: 0 | AY178: 0 | AZ178: 0 | BA178: 0 | BB178: 0 | BC178: 110 | BD178: 0 | BE178: 0 | BF178: 0 | BG178: 0
A179: =I179 -> 45983 | B179: 23 | C179: 20251122016833819 | D179: 1 | E179: 2654383469 | F179: 배송완료 | G179: 박누리 | H179: gre****** | I179: 45983 | J179: 45985 | K179: 45986 | O179: 8715578135 | P179: 한일의료기 안전한 고급 탄소 카본 전기매트 온열매트 극세사 싱글 HIM-3000S | Q179: 컬러:다크그레이-1개 | R179: 1 | S179: 93695 | T179: 109000 | U179: 0 | V179: 15305 | W179: 0 | X179: 109000 | Y179: 0 | Z179: 0 | AA179: 0 | AB179: 0 | AC179: 0 | AD179: 0 | AE179: 0 | AF179: 0 | AG179: 0 | AH179: 0 | AI179: 0 | AJ179: 0 | AL179: 530641790741 | AM179: 동의 | AN179: 0.09 | AO179: 5450 | AP179: 0 | AQ179: 0 | AR179: 0 | AS179: 5450 | AT179: 0 | AU179: 5450 | AV179: 0 | AW179: 0 | AX179: 0 | AY179: 0 | AZ179: 0 | BA179: 0 | BB179: 0 | BC179: 4405 | BD179: 0 | BE179: 0 | BF179: 0 | BG179: 0
A180: =I180 -> 45983 | B180: 24 | C180: 20251122016865696 | D180: 1 | E180: 2654402567 | F180: 배송완료 | G180: name-2170198857 | H180: sta***** | I180: 45983 | J180: 45985 | K180: 45987 | O180: 6217732715 | P180: 머레이 디지털 펜 보이스레코더/학습강의 PV-3000 16GB 최대 180시간녹음 선명한 음질 볼펜녹음기 | Q180: 2개 | R180: 2 | S180: 80936 | T180: 96000 | U180: 0 | V180: 15064 | W180: 0 | X180: 96000 | Y180: 0 | Z180: 0 | AA180: 0 | AB180: 0 | AC180: 0 | AD180: 0 | AE180: 0 | AF180: 0 | AG180: 0 | AH180: 0 | AI180: 0 | AJ180: 0 | AL180: 460912410556 | AM180: 동의 | AN180: 0.09 | AO180: 8624 | AP180: 0 | AQ180: 0 | AR180: 0 | AS180: 2220 | AT180: 2200 | AU180: 20 | AV180: 0 | AW180: 4000 | AX180: 0 | AY180: 0 | AZ180: 0 | BA180: 0 | BB180: 0 | BC180: 220 | BD180: 0 | BE180: 0 | BF180: 0 | BG180: 0
...

Sheet 11_광고비정리
A1: 날짜 | B1: 노출수 | C1: 클릭수 | D1: 클릭률 | E1: 평균 노출순위 | F1: 평균 클릭비용 | G1: 총비용 | H1: 총 전환수 | I1: 총 전환당 비용 | J1: 총 전환 금액 | K1: 총 전환율 | L1: 총 광고수익률 | M1: 직접 전환수 | N1: 직접 전환율 | O1: 직접 전환금액 | P1: 직접 전환당 비용 | Q1: 직접 광고 수익률 | R1: 간접 전환수 | S1: 간접 전환율 | T1: 간접 전환 금액 | U1: 간접 전환당 비용 | V1: 간접 광고수익률 | W1: 장바구니 전환수 | X1: 장바구니 전환율 | Y1: 장바구니 전환 금액 | Z1: 장바구니 전환당 비용 | AA1: 장바구니 광고수익률
A2: 45962 | B2: 18564 | C2: 64 | D2: 0.34475329 | E2: 10.739334 | F2: 400.125 | G2: 25608 | H2: 3 | I2: 8536 | J2: 95000 | K2: 4.6875 | L2: 370.97782 | M2: 3 | N2: 4.6875 | O2: 95000 | P2: 8536 | Q2: 370.97782 | R2: - | S2: - | T2: - | U2: - | V2: - | W2: 5 | X2: 7.8125 | Y2: 173900 | Z2: 5121 | AA2: 679.08466
A3: 45963 | B3: 19674 | C3: 81 | D3: 0.41171089 | E3: 11.688116 | F3: 471.50617 | G3: 38192 | H3: 5 | I3: 7638 | J3: 209700 | K3: 6.1728395 | L3: 549.06787 | M3: 5 | N3: 6.1728395 | O3: 209700 | P3: 7638 | Q3: 549.06787 | R3: - | S3: - | T3: - | U3: - | V3: - | W3: 8 | X3: 9.8765432 | Y3: 177500 | Z3: 4774 | AA3: 464.75702
A4: 45964 | B4: 27417 | C4: 74 | D4: 0.26990553 | E4: 13.645366 | F4: 437.62162 | G4: 32384 | H4: 9 | I4: 3598 | J4: 285000 | K4: 12.162162 | L4: 880.06423 | M4: 9 | N4: 12.162162 | O4: 285000 | P4: 3598 | Q4: 880.06423 | R4: - | S4: - | T4: - | U4: - | V4: - | W4: 5 | X4: 6.7567568 | Y4: 140700 | Z4: 6476 | AA4: 434.47381
A5: 45965 | B5: 30417 | C5: 66 | D5: 0.21698392 | E5: 13.049676 | F5: 366.33333 | G5: 24178 | H5: 3 | I5: 8059 | J5: 80500 | K5: 4.5454545 | L5: 332.94731 | M5: 3 | N5: 4.5454545 | O5: 80500 | P5: 8059 | Q5: 332.94731 | R5: - | S5: - | T5: - | U5: - | V5: - | W5: 5 | X5: 7.5757576 | Y5: 291400 | Z5: 4835 | AA5: 1205.2279
A6: 45966 | B6: 28333 | C6: 72 | D6: 0.25412064 | E6: 11.715032 | F6: 432.05556 | G6: 31108 | H6: 4 | I6: 7777 | J6: 90900 | K6: 5.5555556 | L6: 292.20779 | M6: 4 | N6: 5.5555556 | O6: 90900 | P6: 7777 | Q6: 292.20779 | R6: - | S6: - | T6: - | U6: - | V6: - | W6: 1 | X6: 1.3888889 | Y6: 33000 | Z6: 31108 | AA6: 106.08204
A7: 45967 | B7: 29754 | C7: 72 | D7: 0.24198427 | E7: 11.611582 | F7: 442.59722 | G7: 31867 | H7: 4 | I7: 7966 | J7: 127400 | K7: 5.5555556 | L7: 399.78661 | M7: 4 | N7: 5.5555556 | O7: 127400 | P7: 7966 | Q7: 399.78661 | R7: - | S7: - | T7: - | U7: - | V7: - | W7: 5 | X7: 6.9444444 | Y7: 176800 | Z7: 6373 | AA7: 554.80591
A8: 45968 | B8: 33433 | C8: 73 | D8: 0.21834714 | E8: 11.046032 | F8: 425.9863 | G8: 31097 | H8: 2 | I8: 15548 | J8: 133000 | K8: 2.739726 | L8: 427.69399 | M8: 2 | N8: 2.739726 | O8: 133000 | P8: 15548 | Q8: 427.69399 | R8: - | S8: - | T8: - | U8: - | V8: - | W8: 8 | X8: 10.958904 | Y8: 362900 | Z8: 3887 | AA8: 1166.9936
A9: 45969 | B9: 31217 | C9: 79 | D9: 0.25306724 | E9: 9.6762661 | F9: 462.83544 | G9: 36564 | H9: 3 | I9: 12188 | J9: 105900 | K9: 3.7974684 | L9: 289.62914 | M9: 3 | N9: 3.7974684 | O9: 105900 | P9: 12188 | Q9: 289.62914 | R9: - | S9: - | T9: - | U9: - | V9: - | W9: 6 | X9: 7.5949367 | Y9: 220800 | Z9: 6094 | AA9: 603.87266
A10: 45970 | B10: 38426 | C10: 73 | D10: 0.18997554 | E10: 10.284729 | F10: 462 | G10: 33726 | H10: 1 | I10: 33726 | J10: 15000 | K10: 1.369863 | L10: 44.476072 | M10: 1 | N10: 1.369863 | O10: 15000 | P10: 33726 | Q10: 44.476072 | R10: - | S10: - | T10: - | U10: - | V10: - | W10: 8 | X10: 10.958904 | Y10: 490500 | Z10: 4215 | AA10: 1454.3675
A11: 45971 | B11: 34496 | C11: 73 | D11: 0.21161874 | E11: 12.071226 | F11: 415.43836 | G11: 30327 | H11: 4 | I11: 7581 | J11: 210300 | K11: 5.4794521 | L11: 693.44149 | M11: 4 | N11: 5.4794521 | O11: 210300 | P11: 7581 | Q11: 693.44149 | R11: - | S11: - | T11: - | U11: - | V11: - | W11: 5 | X11: 6.8493151 | Y11: 178800 | Z11: 6065 | AA11: 589.57365
A12: 45972 | B12: 45251 | C12: 120 | D12: 0.26518751 | E12: 12.059269 | F12: 497.01667 | G12: 59642 | H12: 8 | I12: 7455 | J12: 326300 | K12: 6.6666667 | L12: 547.09768 | M12: 8 | N12: 6.6666667 | O12: 326300 | P12: 7455 | Q12: 547.09768 | R12: - | S12: - | T12: - | U12: - | V12: - | W12: 10 | X12: 8.3333333 | Y12: 271400 | Z12: 5964 | AA12: 455.04846
A13: 45973 | B13: 36300 | C13: 54 | D13: 0.14876033 | E13: 12.389229 | F13: 292.92593 | G13: 15818 | H13: 1 | I13: 15818 | J13: 30000 | K13: 1.8518519 | L13: 189.65735 | M13: 1 | N13: 1.8518519 | O13: 30000 | P13: 15818 | Q13: 189.65735 | R13: - | S13: - | T13: - | U13: - | V13: - | W13: 6 | X13: 11.111111 | Y13: 171000 | Z13: 2636 | AA13: 1081.0469
... A18: 45978 | B18: 35338 | C18: 67 | D18: 0.1895976 | E18: 11.47439 | F18: 410.61194 | G18: 27511 | H18: 6 | I18: 4585 | J18: 274900 | K18: 8.9552239 | L18: 999.23667 | M18: 6 | N18: 8.9552239 | O18: 274900 | P18: 4585 | Q18: 999.23667 | R18: - | S18: - | T18: - | U18: - | V18: - | W18: 3 | X18: 4.4776119 | Y18: 158000 | Z18: 9170 | AA18: 574.31573
A19: 45979 | B19: 51151 | C19: 106 | D19: 0.20722957 | E19: 10.80538 | F19: 628.5566 | G19: 66627 | H19: 4 | I19: 16656 | J19: 317000 | K19: 3.7735849 | L19: 475.78309 | M19: 3 | N19: 2.8301887 | O19: 208000 | P19: 22209 | Q19: 312.18575 | R19: 1 | S19: 0.94339623 | T19: 109000 | U19: 66627 | V19: 163.59734 | W19: 7 | X19: 6.6037736 | Y19: 471800 | Z19: 9518 | AA19: 708.12133
A20: 45980 | B20: 55402 | C20: 89 | D20: 0.16064402 | E20: 11.682611 | F20: 503.77528 | G20: 44836 | H20: 2 | I20: 22418 | J20: 178000 | K20: 2.247191 | L20: 397.00241 | M20: 2 | N20: 2.247191 | O20: 178000 | P20: 22418 | Q20: 397.00241 | R20: - | S20: - | T20: - | U20: - | V20: - | W20: 3 | X20: 3.3707865 | Y20: 186800 | Z20: 14945 | AA20: 416.62949
A21: 45981 | B21: 48225 | C21: 102 | D21: 0.21150855 | E21: 14.702105 | F21: 551.94118 | G21: 56298 | H21: 7 | I21: 8042 | J21: 462700 | K21: 6.8627451 | L21: 821.87644 | M21: 7 | N21: 6.8627451 | O21: 462700 | P21: 8042 | Q21: 821.87644 | R21: - | S21: - | T21: - | U21: - | V21: - | W21: 16 | X21: 15.686275 | Y21: 901400 | Z21: 3518 | AA21: 1601.1226
A22: 45982 | B22: 45924 | C22: 131 | D22: 0.2852539 | E22: 17.217642 | F22: 553.19084 | G22: 72468 | H22: 10 | I22: 7246 | J22: 332800 | K22: 7.6335878 | L22: 459.23718 | M22: 10 | N22: 7.6335878 | O22: 332800 | P22: 7246 | Q22: 459.23718 | R22: - | S22: - | T22: - | U22: - | V22: - | W22: 24 | X22: 18.320611 | Y22: 1200300 | Z22: 3019 | AA22: 1656.3173
A23: 45983 | B23: 37599 | C23: 116 | D23: 0.30851884 | E23: 13.292215 | F23: 507.42241 | G23: 58861 | H23: 11 | I23: 5351 | J23: 591300 | K23: 9.4827586 | L23: 1004.5701 | M23: 9 | N23: 7.7586207 | O23: 373300 | P23: 6540 | Q23: 634.20601 | R23: 2 | S23: 1.7241379 | T23: 218000 | U23: 29430 | V23: 370.36408 | W23: 10 | X23: 8.6206897 | Y23: 550200 | Z23: 5886 | AA23: 934.74457
A24: 45984 | B24: 40607 | C24: 113 | D24: 0.27827714 | E24: 12.999901 | F24: 507.55752 | G24: 57354 | H24: 4 | I24: 14338 | J24: 301400 | K24: 3.539823 | L24: 525.50825 | M24: 3 | N24: 2.6548673 | O24: 182400 | P24: 19118 | Q24: 318.0249 | R24: 1 | S24: 0.88495575 | T24: 119000 | U24: 57354 | V24: 207.48335 | W24: 10 | X24: 8.8495575 | Y24: 746900 | Z24: 5735 | AA24: 1302.2631
A25: 45985 | B25: 56845 | C25: 115 | D25: 0.20230451 | E25: 17.927434 | F25: 491.65217 | G25: 56540 | H25: 6 | I25: 9423 | J25: 219800 | K25: 5.2173913 | L25: 388.75133 | M25: 6 | N25: 5.2173913 | O25: 219800 | P25: 9423 | Q25: 388.75133 | R25: - | S25: - | T25: - | U25: - | V25: - | W25: 12 | X25: 10.434783 | Y25: 561900 | Z25: 4711 | AA25: 993.80969
A26: 45986 | B26: 67426 | C26: 156 | D26: 0.23136476 | E26: 17.239092 | F26: 512.0641 | G26: 79882 | H26: 10 | I26: 7988 | J26: 593800 | K26: 6.4102564 | L26: 743.34644 | M26: 9 | N26: 5.7692308 | O26: 573900 | P26: 8875 | Q26: 718.43469 | R26: 1 | S26: 0.64102564 | T26: 19900 | U26: 79882 | V26: 24.911745 | W26: 10 | X26: 6.4102564 | Y26: 489800 | Z26: 7988 | AA26: 613.1544
A27: 45987 | B27: 62334 | C27: 103 | D27: 0.16523887 | E27: 18.393012 | F27: 523.94175 | G27: 53966 | H27: 6 | I27: 8994 | J27: 318800 | K27: 5.8252427 | L27: 590.74232 | M27: 5 | N27: 4.8543689 | O27: 199800 | P27: 10793 | Q27: 370.23311 | R27: 1 | S27: 0.97087379 | T27: 119000 | U27: 53966 | V27: 220.50921 | W27: 16 | X27: 15.533981 | Y27: 737700 | Z27: 3372 | AA27: 1366.9718
A28: 45988 | B28: 47443 | C28: 116 | D28: 0.24450393 | E28: 17.907131 | F28: 582.90517 | G28: 67617 | H28: 7 | I28: 9659 | J28: 393800 | K28: 6.0344828 | L28: 582.39792 | M28: 6 | N28: 5.1724138 | O28: 328800 | P28: 11269 | Q28: 486.26825 | R28: 1 | S28: 0.86206897 | T28: 65000 | U28: 67617 | V28: 96.129672 | W28: 10 | X28: 8.6206897 | Y28: 563300 | Z28: 6761 | AA28: 833.07452
A29: 45989 | B29: 49407 | C29: 119 | D29: 0.24085656 | E29: 16.751027 | F29: 621.45378 | G29: 73953 | H29: 7 | I29: 10564 | J29: 472000 | K29: 5.8823529 | L29: 638.24321 | M29: 6 | N29: 5.0420168 | O29: 363000 | P29: 12325 | Q29: 490.8523 | R29: 1 | S29: 0.84033613 | T29: 109000 | U29: 73953 | V29: 147.39091 | W29: 13 | X29: 10.92437 | Y29: 1189600 | Z29: 5688 | AA29: 1608.5892
A30: 45990 | B30: 42151 | C30: 105 | D30: 0.24910441 | E30: 12.694195 | F30: 534.18095 | G30: 56089 | H30: 9 | I30: 6232 | J30: 765700 | K30: 8.5714286 | L30: 1365.1518 | M30: 9 | N30: 8.5714286 | O30: 765700 | P30: 6232 | Q30: 1365.1518 | R30: - | S30: - | T30: - | U30: - | V30: - | W30: 8 | X30: 7.6190476 | Y30: 657800 | Z30: 7011 | AA30: 1172.779
A31: 45991 | B31: 55505 | C31: 127 | D31: 0.22880822 | E31: 11.706117 | F31: 585.4252 | G31: 74349 | H31: 5 | I31: 14869 | J31: 498000 | K31: 3.9370079 | L31: 669.81399 | M31: 5 | N31: 3.9370079 | O31: 498000 | P31: 14869 | Q31: 669.81399 | R31: - | S31: - | T31: - | U31: - | V31: - | W31: 8 | X31: 6.2992126 | Y31: 687800 | Z31: 9293 | AA31: 925.0965
A32: 45962 | B32: 4111 | C32: 20 | D32: 0.48649963 | E32: 7.6341523 | F32: 516.45 | G32: 10329 | H32: 2 | I32: 5164 | J32: 58000 | K32: 10 | L32: 561.5258 | M32: 2 | N32: 10 | O32: 58000 | P32: 5164 | Q32: 561.5258 | R32: - | S32: - | T32: - | U32: - | V32: - | W32: 1 | X32: 5 | Y32: 109000 | Z32: 10329 | AA32: 1055.2812
A33: 45963 | B33: 3815 | C33: 18 | D33: 0.47182176 | E33: 7.3166448 | F33: 592.16667 | G33: 10659 | H33: 2 | I33: 5329 | J33: 228000 | K33: 11.111111 | L33: 2139.0374 | M33: 1 | N33: 5.5555556 | O33: 109000 | P33: 10659 | Q33: 1022.61 | R33: 1 | S33: 5.5555556 | T33: 119000 | U33: 10659 | V33: 1116.4274 | W33: - | X33: - | Y33: - | Z33: - | AA33: -
A34: 45964 | B34: 5308 | C34: 17 | D34: 0.32027129 | E34: 7.3464582 | F34: 609.52941 | G34: 10362 | H34: 1 | I34: 10362 | J34: 119000 | K34: 5.8823529 | L34: 1148.4269 | M34: - | N34: - | O34: - | P34: - | Q34: - | R34: 1 | S34: 5.8823529 | T34: 119000 | U34: 10362 | V34: 1148.4269 | W34: 1 | X34: 5.8823529 | Y34: 29800 | Z34: 10362 | AA34: 287.58927
A35: 45965 | B35: 11214 | C35: 30 | D35: 0.26752274 | E35: 8.4733369 | F35: 341 | G35: 10230 | H35: 1 | I35: 10230 | J35: 19900 | K35: 3.3333333 | L35: 194.5259 | M35: - | N35: - | O35: - | P35: - | Q35: - | R35: 1 | S35: 3.3333333 | T35: 19900 | U35: 10230 | V35: 194.5259 | W35: 2 | X35: 6.6666667 | Y35: 61900 | Z35: 5115 | AA35: 605.08309
A36: 45966 | B36: 9652 | C36: 28 | D36: 0.29009532 | E36: 10.128367 | F36: 326.85714 | G36: 9152 | H36: 2 | I36: 4576 | J36: 174000 | K36: 7.1428571 | L36: 1901.2238 | M36: 1 | N36: 3.5714286 | O36: 29000 | P36: 9152 | Q36: 316.87063 | R36: 1 | S36: 3.5714286 | T36: 145000 | U36: 9152 | V36: 1584.3531 | W36: - | X36: - | Y36: - | Z36: - | AA36: -
A37: 45967 | B37: 10392 | C37: 24 | D37: 0.23094688 | E37: 10.572845 | F37: 423.5 | G37: 10164 | H37: - | I37: - | J37: - | K37: - | L37: - | M37: - | N37: - | O37: - | P37: - | Q37: - | R37: - | S37: - | T37: - | U37: - | V37: - | W37: 2 | X37: 8.3333333 | Y37: 100000 | Z37: 5082 | AA37: 983.86462
A38: 45968 | B38: 5677 | C38: 25 | D38: 0.44037344 | E38: 10.213493 | F38: 410.08 | G38: 10252 | H38: - | I38: - | J38: - | K38: - | L38: - | M38: - | N38: - | O38: - | P38: - | Q38: - | R38: - | S38: - | T38: - | U38: - | V38: - | W38: 2 | X38: 8 | Y38: 49700 | Z38: 5126 | AA38: 484.78346
A39: 45969 | B39: 5012 | C39: 25 | D39: 0.49880287 | E39: 10.633679 | F39: 405.24 | G39: 10131 | H39: 1 | I39: 10131 | J39: 119000 | K39: 4 | L39: 1174.6126 | M39: - | N39: - | O39: - | P39: - | Q39: - | R39: 1 | S39: 4 | T39: 119000 | U39: 10131 | V39: 1174.6126 | W39: - | X39: - | Y39: - | Z39: - | AA39: -
A40: 45970 | B40: 7652 | C40: 26 | D40: 0.33978045 | E40: 10.958704 | F40: 388.80769 | G40: 10109 | H40: 1 | I40: 10109 | J40: 15000 | K40: 3.8461538 | L40: 148.38263 | M40: 1 | N40: 3.8461538 | O40: 15000 | P40: 10109 | Q40: 148.38263 | R40: - | S40: - | T40: - | U40: - | V40: - | W40: 4 | X40: 15.384615 | Y40: 182000 | Z40: 2527 | AA40: 1800.3759
A41: 45971 | B41: 7105 | C41: 23 | D41: 0.32371569 | E41: 9.8467277 | F41: 462.47826 | G41: 10637 | H41: 2 | I41: 5318 | J41: 39800 | K41: 8.6956522 | L41: 374.16565 | M41: 2 | N41: 8.6956522 | O41: 39800 | P41: 5318 | Q41: 374.16565 | R41: - | S41: - | T41: - | U41: - | V41: - | W41: 4 | X41: 17.391304 | Y41: 279800 | Z41: 2659 | AA41: 2630.4409
A42: 45972 | B42: 12937 | C42: 30 | D42: 0.23189302 | E42: 9.4020252 | F42: 343.56667 | G42: 10307 | H42: 3 | I42: 3435 | J42: 189000 | K42: 10 | L42: 1833.7052 | M42: 3 | N42: 10 | O42: 189000 | P42: 3435 | Q42: 1833.7052 | R42: - | S42: - | T42: - | U42: - | V42: - | W42: 3 | X42: 10 | Y42: 207000 | Z42: 3435 | AA42: 2008.3438
A43: 45973 | B43: 13786 | C43: 15 | D43: 0.10880603 | E43: 10.111127 | F43: 484 | G43: 7260 | H43: 1 | I43: 7260 | J43: 15000 | K43: 6.6666667 | L43: 206.61157 | M43: 1 | N43: 6.6666667 | O43: 15000 | P43: 7260 | Q43: 206.61157 | R43: - | S43: - | T43: - | U43: - | V43: - | W43: 2 | X43: 13.333333 | Y43: 49900 | Z43: 3630 | AA43: 687.32782
A44: 45974 | B44: 12049 | C44: 17 | D44: 0.14109055 | E44: 6.0766039 | F44: 331.94118 | G44: 5643 | H44: - | I44: - | J44: - | K44: - | L44: - | M44: - | N44: - | O44: - | P44: - | Q44: - | R44: - | S44: - | T44: - | U44: - | V44: - | W44: 1 | X44: 5.8823529 | Y44: 29000 | Z44: 5643 | AA44: 513.91104
A45: 45975 | B45: 4530 | C45: 22 | D45: 0.48565121 | E45: 11.492274 | F45: 325.5 | G45: 7161 | H45: - | I45: - | J45: - | K45: - | L45: - | M45: - | N45: - | O45: - | P45: - | Q45: - | R45: - | S45: - | T45: - | U45: - | V45: - | W45: - | X45: - | Y45: - | Z45: - | AA45: -
A46: 45976 | B46: 4050 | C46: 7 | D46: 0.17283951 | E46: 8.4533333 | F46: 353.57143 | G46: 2475 | H46: - | I46: - | J46: - | K46: - | L46: - | M46: - | N46: - | O46: - | P46: - | Q46: - | R46: - | S46: - | T46: - | U46: - | V46: - | W46: 2 | X46: 28.571429 | Y46: 38800 | Z46: 1237 | AA46: 1567.6768
A47: 45977 | B47: 6735 | C47: 14 | D47: 0.20786934 | E47: 5.3907944 | F47: 392.07143 | G47: 5489 | H47: 1 | I47: 5489 | J47: 109000 | K47: 7.1428571 | L47: 1985.7898 | M47: 1 | N47: 7.1428571 | O47: 109000 | P47: 5489 | Q47: 1985.7898 | R47: - | S47: - | T47: - | U47: - | V47: - | W47: - | X47: - | Y47: - | Z47: - | AA47: -
A48: 45978 | B48: 7418 | C48: 16 | D48: 0.21569156 | E48: 6.411162 | F48: 499.125 | G48: 7986 | H48: - | I48: - | J48: - | K48: - | L48: - | M48: - | N48: - | O48: - | P48: - | Q48: - | R48: - | S48: - | T48: - | U48: - | V48: - | W48: 6 | X48: 37.5 | Y48: 654000 | Z48: 1331 | AA48: 8189.3313
A49: 45979 | B49: 2760 | C49: 12 | D49: 0.43478261 | E49: 8.5797101 | F49: 628.83333 | G49: 7546 | H49: 1 | I49: 7546 | J49: 9000 | K49: 8.3333333 | L49: 119.26849 | M49: 1 | N49: 8.3333333 | O49: 9000 | P49: 7546 | Q49: 119.26849 | R49: - | S49: - | T49: - | U49: - | V49: - | W49: - | X49: - | Y49: - | Z49: - | AA49: -
A50: 45980 | B50: 3841 | C50: 12 | D50: 0.31241864 | E50: 7.5777141 | F50: 533.5 | G50: 6402 | H50: - | I50: - | J50: - | K50: - | L50: - | M50: - | N50: - | O50: - | P50: - | Q50: - | R50: - | S50: - | T50: - | U50: - | V50: - | W50: - | X50: - | Y50: - | Z50: - | AA50: -
A51: 45981 | B51: 3559 | C51: 6 | D51: 0.16858668 | E51: 7.0491711 | F51: 511.5 | G51: 3069 | H51: - | I51: - | J51: - | K51: - | L51: - | M51: - | N51: - | O51: - | P51: - | Q51: - | R51: - | S51: - | T51: - | U51: - | V51: - | W51: - | X51: - | Y51: - | Z51: - | AA51: -
A52: 45982 | B52: 3391 | C52: 10 | D52: 0.29489826 | E52: 10.314067 | F52: 577.5 | G52: 5775 | H52: - | I52: - | J52: - | K52: - | L52: - | M52: - | N52: - | O52: - | P52: - | Q52: - | R52: - | S52: - | T52: - | U52: - | V52: - | W52: 1 | X52: 10 | Y52: 8900 | Z52: 5775 | AA52: 154.11255
A53: 45983 | B53: 2702 | C53: 12 | D53: 0.44411547 | E53: 6.9829756 | F53: 580.25 | G53: 6963 | H53: 2 | I53: 3481 | J53: 43900 | K53: 16.666667 | L53: 630.47537 | M53: 2 | N53: 16.666667 | O53: 43900 | P53: 3481 | Q53: 630.47537 | R53: - | S53: - | T53: - | U53: - | V53: - | W53: 1 | X53: 8.3333333 | Y53: 35000 | Z53: 6963 | AA53: 502.6569
A54: 45984 | B54: 2788 | C54: 10 | D54: 0.35868006 | E54: 7.4544476 | F54: 347.6 | G54: 3476 | H54: 1 | I54: 3476 | J54: 19900 | K54: 10 | L54: 572.49712 | M54: 1 | N54: 10 | O54: 19900 | P54: 3476 | Q54: 572.49712 | R54: - | S54: - | T54: - | U54: - | V54: - | W54: - | X54: - | Y54: - | Z54: - | AA54: -
A55: 45985 | B55: 5542 | C55: 7 | D55: 0.12630819 | E55: 11.179719 | F55: 686.71429 | G55: 4807 | H55: 1 | I55: 4807 | J55: 35000 | K55: 14.285714 | L55: 728.10485 | M55: 1 | N55: 14.285714 | O55: 35000 | P55: 4807 | Q55: 728.10485 | R55: - | S55: - | T55: - | U55: - | V55: - | W55: 1 | X55: 14.285714 | Y55: 9900 | Z55: 4807 | AA55: 205.94966
A56: 45986 | B56: 7620 | C56: 7 | D56: 0.091863517 | E56: 13.018766 | F56: 540.57143 | G56: 3784 | H56: - | I56: - | J56: - | K56: - | L56: - | M56: - | N56: - | O56: - | P56: - | Q56: - | R56: - | S56: - | T56: - | U56: - | V56: - | W56: - | X56: - | Y56: - | Z56: - | AA56: -
A57: 45987 | B57: 6851 | C57: 5 | D57: 0.072982046 | E57: 13.914611 | F57: 550 | G57: 2750 | H57: - | I57: - | J57: - | K57: - | L57: - | M57: - | N57: - | O57: - | P57: - | Q57: - | R57: - | S57: - | T57: - | U57: - | V57: - | W57: 1 | X57: 20 | Y57: 19900 | Z57: 2750 | AA57: 723.63636
A58: 45988 | B58: 4517 | C58: 6 | D58: 0.13283153 | E58: 10.90901 | F58: 799.33333 | G58: 4796 | H58: 1 | I58: 4796 | J58: 17800 | K58: 16.666667 | L58: 371.14262 | M58: 1 | N58: 16.666667 | O58: 17800 | P58: 4796 | Q58: 371.14262 | R58: - | S58: - | T58: - | U58: - | V58: - | W58: 2 | X58: 33.333333 | Y58: 18800 | Z58: 2398 | AA58: 391.99333
A59: 45989 | B59: 4181 | C59: 6 | D59: 0.14350634 | E59: 11.216695 | F59: 625.16667 | G59: 3751 | H59: - | I59: - | J59: - | K59: - | L59: - | M59: - | N59: - | O59: - | P59: - | Q59: - | R59: - | S59: - | T59: - | U59: - | V59: - | W59: 2 | X59: 33.333333 | Y59: 54900 | Z59: 1875 | AA59: 1463.6097
A60: 45990 | B60: 2607 | C60: 7 | D60: 0.26850786 | E60: 8.4526275 | F60: 413.28571 | G60: 2893 | H60: - | I60: - | J60: - | K60: - | L60: - | M60: - | N60: - | O60: - | P60: - | Q60: - | R60: - | S60: - | T60: - | U60: - | V60: - | W60: - | X60: - | Y60: - | Z60: - | AA60: -
A61: 45991 | B61: 2718 | C61: 4 | D61: 0.14716704 | E61: 9.464312 | F61: 514.25 | G61: 2057 | H61: 1 | I61: 2057 | J61: 9900 | K61: 25 | L61: 481.28342 | M61: 1 | N61: 25 | O61: 9900 | P61: 2057 | Q61: 481.28342 | R61: - | S61: - | T61: - | U61: - | V61: - | W61: 1 | X61: 25 | Y61: 9900 | Z61: 2057 | AA61: 481.28342
